1,1563743766,0,19993,903.00,5.00,16232,5864,0.29,8644.00,0.00,0.00,0,monpoly
2,1563743767,0,19993,51.52,0.00,16232,5864,0.29,17325.25,0.00,0.00,0,monpoly
3,1563743768,0,19993,51.49,0.00,16232,6124,0.30,16982.18,0.00,0.00,0,monpoly
4,1563743769,0,19993,23.00,0.00,16232,6388,0.31,17024.00,0.00,0.00,0,monpoly
5,1563743770,0,19993,0.00,0.00,16232,6388,0.31,17325.25,0.00,0.00,0,monpoly
6,1563743771,0,19993,0.00,0.00,16232,6388,0.31,16095.05,0.00,0.00,0,monpoly
7,1563743772,0,19993,0.00,0.00,16232,6388,0.31,17024.00,0.00,0.00,0,monpoly
8,1563743773,0,19993,0.00,0.00,16232,6388,0.31,17152.00,0.00,0.00,0,monpoly
9,1563743774,0,19993,0.00,0.00,16232,6388,0.31,17152.00,0.00,0.00,0,monpoly
10,1563743775,0,19993,0.00,0.00,16232,6388,0.31,16512.00,0.00,0.00,0,monpoly
11,1563743776,0,19993,0.00,0.00,16232,6388,0.31,16000.00,0.00,0.00,0,monpoly
12,1563743777,0,19993,0.00,0.00,16232,6388,0.31,16420.20,0.00,0.00,1,monpoly
13,1563743778,0,19993,0.00,0.00,16232,6388,0.31,16384.00,0.00,0.00,0,monpoly
14,1563743779,0,19993,0.00,0.00,16232,6388,0.31,16855.45,0.00,0.00,0,monpoly
15,1563743780,0,19993,0.00,0.00,16232,6388,0.31,16161.62,0.00,0.00,0,monpoly
16,1563743781,0,19993,0.00,0.00,16232,6388,0.31,15360.00,0.00,0.00,0,monpoly
17,1563743782,0,19993,0.00,0.00,16232,6388,0.31,15744.00,0.00,0.00,0,monpoly
18,1563743783,0,19993,0.00,0.00,16232,6388,0.31,15616.00,0.00,0.00,0,monpoly
19,1563743784,0,19993,0.00,0.00,16232,6388,0.31,15232.00,0.00,0.00,0,monpoly
20,1563743785,0,19993,0.00,0.00,16232,6388,0.31,15744.00,0.00,0.00,0,monpoly
21,1563743786,0,19993,0.00,0.00,16232,6388,0.31,15104.00,0.00,0.00,0,monpoly
22,1563743787,0,19993,0.00,0.00,16232,6388,0.31,15744.00,0.00,0.00,0,monpoly
23,1563743788,0,19993,0.00,0.00,16232,6388,0.31,15232.00,0.00,0.00,0,monpoly
24,1563743789,0,19993,0.00,0.00,16232,6388,0.31,16640.00,0.00,0.00,0,monpoly
25,1563743790,0,19993,0.00,0.00,16232,6388,0.31,15872.00,0.00,0.00,2,monpoly
26,1563743791,0,19993,0.00,0.00,16232,6388,0.31,15256.57,0.00,0.00,0,monpoly
27,1563743792,0,19993,0.00,0.00,16232,6388,0.31,15081.19,0.00,0.00,0,monpoly
28,1563743793,0,19993,0.00,0.00,16232,6388,0.31,15385.86,0.00,0.00,0,monpoly
29,1563743794,0,19993,0.00,0.00,16232,6388,0.31,16475.25,0.00,0.00,0,monpoly
30,1563743795,0,19993,0.00,0.00,16232,6388,0.31,15644.44,0.00,0.00,0,monpoly
31,1563743796,0,19993,0.00,0.00,16232,6388,0.31,15616.00,0.00,0.00,0,monpoly
32,1563743797,0,19993,0.00,0.00,16232,6388,0.31,14194.06,0.00,0.00,0,monpoly
33,1563743798,0,19993,0.00,0.00,16232,6388,0.31,15488.00,0.00,0.00,0,monpoly
34,1563743799,0,19993,0.00,0.00,16232,6388,0.31,15616.00,0.00,0.00,0,monpoly
35,1563743800,0,19993,0.00,0.00,16232,6388,0.31,15872.00,0.00,0.00,0,monpoly
36,1563743801,0,19993,0.00,0.00,16232,6388,0.31,16032.32,0.00,0.00,0,monpoly
37,1563743802,0,19993,0.00,0.00,16232,6388,0.31,15714.85,0.00,0.00,0,monpoly
38,1563743803,0,19993,0.00,0.00,16232,6388,0.31,15360.00,0.00,0.00,0,monpoly
39,1563743804,0,19993,0.00,0.00,16232,6388,0.31,14848.00,0.00,0.00,0,monpoly
40,1563743805,0,19993,0.00,0.00,16232,6388,0.31,15773.74,0.00,0.00,0,monpoly
41,1563743806,0,19993,0.00,0.00,16232,6388,0.31,16348.51,0.00,0.00,0,monpoly
42,1563743807,0,19993,0.00,0.00,16232,6388,0.31,15104.00,0.00,0.00,0,monpoly
43,1563743808,0,19993,0.00,0.00,16232,6388,0.31,16256.00,0.00,0.00,0,monpoly
44,1563743809,0,19993,0.00,0.00,16232,6388,0.31,16768.00,0.00,0.00,0,monpoly
45,1563743810,0,19993,0.00,0.00,16232,6388,0.31,15872.00,0.00,0.00,0,monpoly
46,1563743811,0,19993,0.00,0.00,16232,6388,0.31,15773.74,0.00,0.00,0,monpoly
47,1563743812,0,19993,0.00,0.00,16232,6388,0.31,16128.00,0.00,0.00,0,monpoly
48,1563743813,0,19993,0.00,0.00,16232,6388,0.31,14954.46,0.00,0.00,0,monpoly
49,1563743814,0,19993,0.00,0.00,16232,6388,0.31,15773.74,0.00,0.00,0,monpoly
50,1563743815,0,19993,0.00,0.00,16232,6388,0.31,15334.65,0.00,0.00,0,monpoly
51,1563743816,0,19993,0.00,0.00,16232,6388,0.31,15232.00,0.00,0.00,0,monpoly
52,1563743817,0,19993,0.00,0.00,16232,6388,0.31,15385.86,0.00,0.00,0,monpoly
53,1563743818,0,19993,0.00,0.00,16232,6388,0.31,16000.00,0.00,0.00,0,monpoly
54,1563743819,0,19993,0.00,0.00,16232,6388,0.31,16000.00,0.00,0.00,0,monpoly
55,1563743820,0,19993,0.00,0.00,16232,6388,0.31,16000.00,0.00,0.00,0,monpoly
56,1563743821,0,19993,0.00,0.00,16232,6388,0.31,16000.00,0.00,0.00,0,monpoly
57,1563743822,0,19993,0.00,0.00,16232,6388,0.31,13824.00,0.00,0.00,0,monpoly
58,1563743823,0,19993,0.00,0.00,16232,6388,0.31,15334.65,0.00,0.00,0,monpoly
59,1563743824,0,19993,0.00,0.00,16232,6388,0.31,15616.00,0.00,0.00,0,monpoly
60,1563743825,0,19993,0.00,0.00,16232,6388,0.31,15903.03,0.00,0.00,0,monpoly
61,1563743826,0,19993,0.00,0.00,16232,6388,0.31,15588.12,0.00,0.00,0,monpoly
62,1563743827,0,19993,0.00,0.00,16232,6388,0.31,14336.00,0.00,0.00,0,monpoly
63,1563743828,0,19993,0.00,0.00,16232,6388,0.31,15488.00,0.00,0.00,0,monpoly
64,1563743829,0,19993,0.00,0.00,16232,6388,0.31,16290.91,0.00,0.00,0,monpoly
65,1563743830,0,19993,0.00,0.00,16232,6388,0.31,15232.00,0.00,0.00,0,monpoly
66,1563743831,0,19993,0.00,0.00,16232,6388,0.31,14592.00,0.00,0.00,1,monpoly
67,1563743832,0,19993,0.00,0.00,16232,6388,0.31,13568.00,0.00,0.00,0,monpoly
68,1563743833,0,19993,0.00,0.00,16232,6388,0.31,14447.52,0.00,0.00,0,monpoly
69,1563743834,0,19993,0.00,0.00,16232,6388,0.31,16937.37,0.00,0.00,0,monpoly
70,1563743835,0,19993,0.00,0.00,16232,6388,0.31,15744.00,0.00,0.00,0,monpoly
71,1563743836,0,19993,0.00,0.00,16232,6388,0.31,14954.46,0.00,0.00,0,monpoly
72,1563743837,0,19993,0.00,0.00,16232,6388,0.31,15104.00,0.00,0.00,0,monpoly
73,1563743838,0,19993,0.00,0.00,16232,6388,0.31,17066.67,0.00,0.00,0,monpoly
74,1563743839,0,19993,0.00,0.00,16232,6388,0.31,15461.39,0.00,0.00,0,monpoly
75,1563743840,0,19993,0.00,0.00,16232,6388,0.31,15616.00,0.00,0.00,0,monpoly
76,1563743841,0,19993,0.00,0.00,16232,6388,0.31,16256.00,0.00,0.00,0,monpoly
77,1563743842,0,19993,0.00,0.00,16232,6388,0.31,14592.00,0.00,0.00,0,monpoly
78,1563743843,0,19993,0.00,0.00,16232,6388,0.31,16512.00,0.00,0.00,0,monpoly
79,1563743844,0,19993,0.00,0.00,16232,6388,0.31,15488.00,0.00,0.00,0,monpoly
80,1563743845,0,19993,0.00,0.00,16232,6388,0.31,15744.00,0.00,0.00,0,monpoly
81,1563743846,0,19993,0.00,0.00,16232,6388,0.31,16128.00,0.00,0.00,0,monpoly
82,1563743847,0,19993,0.00,0.00,16232,6388,0.31,16549.49,0.00,0.00,0,monpoly
83,1563743848,0,19993,0.00,0.00,16232,6388,0.31,16384.00,0.00,0.00,0,monpoly
84,1563743849,0,19993,0.00,0.00,16232,6388,0.31,16855.45,0.00,0.00,0,monpoly
85,1563743850,0,19993,0.00,0.00,16232,6388,0.31,16768.00,0.00,0.00,0,monpoly
86,1563743851,0,19993,0.00,0.00,16232,6388,0.31,16256.00,0.00,0.00,0,monpoly
87,1563743852,0,19993,0.00,0.00,16232,6388,0.31,16256.00,0.00,0.00,0,monpoly
88,1563743853,0,19993,0.00,0.00,16232,6388,0.31,16808.08,0.00,0.00,0,monpoly
89,1563743854,0,19993,0.00,0.00,16232,6388,0.31,16095.05,0.00,0.00,0,monpoly
90,1563743855,0,19993,0.00,0.00,16232,6388,0.31,16384.00,0.00,0.00,0,monpoly
91,1563743856,0,19993,0.00,0.00,16232,6388,0.31,15773.74,0.00,0.00,0,monpoly
92,1563743857,0,19993,0.00,0.00,16232,6388,0.31,16982.18,0.00,0.00,0,monpoly
93,1563743858,0,19993,0.00,0.00,16232,6388,0.31,17280.00,0.00,0.00,0,monpoly
94,1563743859,0,19993,0.00,0.00,16232,6388,0.31,17066.67,0.00,0.00,0,monpoly
95,1563743860,0,19993,0.00,0.00,16232,6388,0.31,17664.00,0.00,0.00,0,monpoly
96,1563743861,0,19993,0.00,0.00,16232,6388,0.31,17536.00,0.00,0.00,0,monpoly
97,1563743862,0,19993,0.00,0.00,16232,6388,0.31,16348.51,0.00,0.00,0,monpoly
98,1563743863,0,19993,0.00,0.00,16232,6388,0.31,16512.00,0.00,0.00,0,monpoly
99,1563743864,0,19993,0.00,0.00,16232,6388,0.31,16290.91,0.00,0.00,0,monpoly
100,1563743865,0,19993,0.00,0.00,16232,6388,0.31,16256.00,0.00,0.00,0,monpoly
101,1563743866,0,19993,0.00,0.00,16232,6388,0.31,17152.00,0.00,0.00,0,monpoly
102,1563743867,0,19993,0.00,0.00,16232,6388,0.31,16768.00,0.00,0.00,0,monpoly
103,1563743868,0,19993,0.00,0.00,16232,6388,0.31,16348.51,0.00,0.00,0,monpoly
104,1563743869,0,19993,0.00,0.00,16232,6388,0.31,17325.25,0.00,0.00,0,monpoly
105,1563743870,0,19993,0.00,0.00,16232,6388,0.31,16855.45,0.00,0.00,0,monpoly
106,1563743871,0,19993,0.00,0.00,16232,6388,0.31,16128.00,0.00,0.00,0,monpoly
107,1563743872,0,19993,0.00,0.00,16232,6388,0.31,17454.55,0.00,0.00,0,monpoly
108,1563743873,0,19993,0.00,0.00,16232,6388,0.31,16982.18,0.00,0.00,0,monpoly
109,1563743874,0,19993,0.00,0.00,16232,6388,0.31,17325.25,0.00,0.00,0,monpoly
110,1563743875,0,19993,0.00,0.00,16232,6388,0.31,17280.00,0.00,0.00,0,monpoly
111,1563743876,0,19993,0.00,0.00,16232,6388,0.31,16768.00,0.00,0.00,0,monpoly
112,1563743877,0,19993,0.00,0.00,16232,6388,0.31,16601.98,0.00,0.00,0,monpoly
113,1563743878,0,19993,0.00,0.00,16232,6388,0.31,17195.96,0.00,0.00,0,monpoly
114,1563743879,0,19993,0.00,0.00,16232,6388,0.31,16512.00,0.00,0.00,0,monpoly
115,1563743880,0,19993,0.00,0.00,16232,6388,0.31,16475.25,0.00,0.00,0,monpoly
116,1563743881,0,19993,0.00,0.00,16232,6388,0.31,16808.08,0.00,0.00,0,monpoly
117,1563743882,0,19993,0.00,0.00,16232,6388,0.31,14954.46,0.00,0.00,0,monpoly
118,1563743883,0,19993,0.00,0.00,16232,6388,0.31,16420.20,0.00,0.00,0,monpoly
119,1563743884,0,19993,0.00,0.00,16232,6388,0.31,16601.98,0.00,0.00,0,monpoly
120,1563743885,0,19993,0.00,0.00,16232,6388,0.31,15360.00,0.00,0.00,0,monpoly
121,1563743886,0,19993,0.00,0.00,16232,6388,0.31,17195.96,0.00,0.00,0,monpoly
122,1563743887,0,19993,0.00,0.00,16232,6388,0.31,17024.00,0.00,0.00,0,monpoly
123,1563743888,0,19993,0.00,0.00,16232,6388,0.31,15841.58,0.00,0.00,1,monpoly
124,1563743889,0,19993,0.00,0.00,16232,6388,0.31,16640.00,0.00,0.00,0,monpoly
125,1563743890,0,19993,0.00,0.00,16232,6388,0.31,17325.25,0.00,0.00,0,monpoly
126,1563743891,0,19993,0.00,0.00,16232,6388,0.31,16128.00,0.00,0.00,0,monpoly
127,1563743892,0,19993,0.00,0.00,16232,6388,0.31,16095.05,0.00,0.00,0,monpoly
128,1563743893,0,19993,0.00,0.00,16232,6388,0.31,16384.00,0.00,0.00,0,monpoly
129,1563743894,0,19993,0.00,0.00,16232,6388,0.31,16768.00,0.00,0.00,0,monpoly
130,1563743895,0,19993,0.00,0.00,16232,6388,0.31,16640.00,0.00,0.00,0,monpoly
131,1563743896,0,19993,0.00,0.00,16232,6388,0.31,16896.00,0.00,0.00,0,monpoly
132,1563743897,0,19993,0.00,0.00,16232,6388,0.31,16896.00,0.00,0.00,0,monpoly
133,1563743898,0,19993,0.00,0.00,16232,6388,0.31,16640.00,0.00,0.00,0,monpoly
134,1563743899,0,19993,0.00,0.00,16232,6388,0.31,16256.00,0.00,0.00,0,monpoly
135,1563743900,0,19993,0.00,0.00,16232,6388,0.31,16640.00,0.00,0.00,0,monpoly
136,1563743901,0,19993,0.00,0.00,16232,6388,0.31,14848.00,0.00,0.00,0,monpoly
137,1563743902,0,19993,0.00,0.00,16232,6388,0.31,15488.00,0.00,0.00,0,monpoly
138,1563743903,0,19993,0.00,0.00,16232,6388,0.31,16896.00,0.00,0.00,0,monpoly
139,1563743904,0,19993,0.00,0.00,16232,6388,0.31,15616.00,0.00,0.00,0,monpoly
140,1563743905,0,19993,0.00,0.00,16232,6388,0.31,17152.00,0.00,0.00,0,monpoly
141,1563743906,0,19993,0.00,0.00,16232,6388,0.31,16000.00,0.00,0.00,0,monpoly
142,1563743907,0,19993,0.00,0.00,16232,6388,0.31,16512.00,0.00,0.00,0,monpoly
143,1563743908,0,19993,0.00,0.00,16232,6388,0.31,17536.00,0.00,0.00,0,monpoly
144,1563743909,0,19993,0.00,0.00,16232,6388,0.31,17408.00,0.00,0.00,0,monpoly
145,1563743910,0,19993,0.00,0.00,16232,6388,0.31,17152.00,0.00,0.00,0,monpoly
146,1563743911,0,19993,0.00,0.00,16232,6388,0.31,16896.00,0.00,0.00,0,monpoly
147,1563743912,0,19993,0.00,0.00,16232,6388,0.31,15616.00,0.00,0.00,0,monpoly
148,1563743913,0,19993,0.00,0.00,16232,6388,0.31,17408.00,0.00,0.00,0,monpoly
149,1563743914,0,19993,0.00,0.00,16232,6388,0.31,17152.00,0.00,0.00,0,monpoly
150,1563743915,0,19993,0.00,0.00,16232,6388,0.31,17152.00,0.00,0.00,0,monpoly
151,1563743916,0,19993,0.00,0.00,16232,6388,0.31,16640.00,0.00,0.00,0,monpoly
152,1563743917,0,19993,0.00,0.00,16232,6388,0.31,16768.00,0.00,0.00,0,monpoly
153,1563743918,0,19993,0.00,0.00,16232,6388,0.31,17152.00,0.00,0.00,0,monpoly
154,1563743919,0,19993,0.00,0.00,16232,6388,0.31,17152.00,0.00,0.00,0,monpoly
155,1563743920,0,19993,0.00,0.00,16232,6388,0.31,16512.00,0.00,0.00,0,monpoly
156,1563743921,0,19993,0.00,0.00,16232,6388,0.31,16728.71,0.00,0.00,0,monpoly
157,1563743922,0,19993,0.00,0.00,16232,6388,0.31,17024.00,0.00,0.00,0,monpoly
158,1563743923,0,19993,0.00,0.00,16232,6388,0.31,17325.25,0.00,0.00,0,monpoly
159,1563743924,0,19993,0.00,0.00,16232,6388,0.31,16601.98,0.00,0.00,0,monpoly
160,1563743925,0,19993,0.00,0.00,16232,6388,0.31,16161.62,0.00,0.00,0,monpoly
161,1563743926,0,19993,0.00,0.00,16232,6388,0.31,16221.78,0.00,0.00,0,monpoly
162,1563743927,0,19993,0.00,0.00,16232,6388,0.31,17280.00,0.00,0.00,0,monpoly
163,1563743928,0,19993,0.00,0.00,16232,6388,0.31,16768.00,0.00,0.00,0,monpoly
164,1563743929,0,19993,0.00,0.00,16232,6388,0.31,17152.00,0.00,0.00,0,monpoly
165,1563743930,0,19993,0.00,0.00,16232,6388,0.31,16808.08,0.00,0.00,0,monpoly
166,1563743931,0,19993,0.00,0.00,16232,6388,0.31,16348.51,0.00,0.00,0,monpoly
167,1563743932,0,19993,0.00,0.00,16232,6388,0.31,17066.67,0.00,0.00,0,monpoly
168,1563743933,0,19993,0.00,0.00,16232,6388,0.31,16601.98,0.00,0.00,0,monpoly
169,1563743934,0,19993,0.00,0.00,16232,6388,0.31,17024.00,0.00,0.00,0,monpoly
170,1563743935,0,19993,0.00,0.00,16232,6388,0.31,16896.00,0.00,0.00,0,monpoly
171,1563743936,0,19993,0.00,0.00,16232,6388,0.31,16512.00,0.00,0.00,0,monpoly
172,1563743937,0,19993,0.00,0.00,16232,6388,0.31,16290.91,0.00,0.00,0,monpoly
173,1563743938,0,19993,0.00,0.00,16232,6388,0.31,16768.00,0.00,0.00,0,monpoly
174,1563743939,0,19993,0.00,0.00,16232,6388,0.31,17408.00,0.00,0.00,1,monpoly
175,1563743940,0,19993,0.00,0.00,16232,6388,0.31,16982.18,0.00,0.00,0,monpoly
176,1563743941,0,19993,0.00,0.00,16232,6388,0.31,16512.00,0.00,0.00,0,monpoly
177,1563743942,0,19993,0.00,0.00,16232,6388,0.31,16384.00,0.00,0.00,0,monpoly
178,1563743943,0,19993,0.00,0.00,16232,6388,0.31,16808.08,0.00,0.00,0,monpoly
179,1563743944,0,19993,0.00,0.00,16232,6388,0.31,16475.25,0.00,0.00,0,monpoly
180,1563743945,0,19993,0.00,0.00,16232,6388,0.31,17195.96,0.00,0.00,0,monpoly
181,1563743946,0,19993,0.00,0.00,16232,6388,0.31,15968.32,0.00,0.00,0,monpoly
182,1563743947,0,19993,0.00,0.00,16232,6388,0.31,17713.13,0.00,0.00,0,monpoly
183,1563743948,0,19993,0.00,0.00,16232,6388,0.31,16982.18,0.00,0.00,0,monpoly
184,1563743949,0,19993,0.00,0.00,16232,6388,0.31,16512.00,0.00,0.00,0,monpoly
185,1563743950,0,19993,0.00,0.00,16232,6388,0.31,16000.00,0.00,0.00,0,monpoly
186,1563743951,0,19993,0.00,0.00,16232,6388,0.31,15744.00,0.00,0.00,0,monpoly
187,1563743952,0,19993,0.00,0.00,16232,6388,0.31,15841.58,0.00,0.00,0,monpoly
188,1563743953,0,19993,0.00,0.00,16232,6388,0.31,16161.62,0.00,0.00,0,monpoly
189,1563743954,0,19993,0.00,0.00,16232,6388,0.31,16640.00,0.00,0.00,0,monpoly
190,1563743955,0,19993,0.00,0.00,16232,6388,0.31,15872.00,0.00,0.00,0,monpoly
191,1563743956,0,19993,0.00,0.00,16232,6388,0.31,15872.00,0.00,0.00,0,monpoly
192,1563743957,0,19993,0.00,0.00,16232,6388,0.31,16128.00,0.00,0.00,0,monpoly
193,1563743958,0,19993,0.00,0.00,16232,6388,0.31,16384.00,0.00,0.00,0,monpoly
194,1563743959,0,19993,0.00,0.00,16232,6388,0.31,16128.00,0.00,0.00,0,monpoly
195,1563743960,0,19993,0.00,0.00,16232,6388,0.31,15744.00,0.00,0.00,0,monpoly
196,1563743961,0,19993,0.00,0.00,16232,6388,0.31,16000.00,0.00,0.00,0,monpoly
197,1563743962,0,19993,0.00,0.00,16232,6388,0.31,15081.19,0.00,0.00,0,monpoly
198,1563743963,0,19993,0.00,0.00,16232,6388,0.31,15773.74,0.00,0.00,0,monpoly
199,1563743964,0,19993,0.00,0.00,16232,6388,0.31,15360.00,0.00,0.00,0,monpoly
200,1563743965,0,19993,0.00,0.00,16232,6388,0.31,16128.00,0.00,0.00,0,monpoly
201,1563743966,0,19993,0.00,0.00,16232,6388,0.31,15872.00,0.00,0.00,0,monpoly
202,1563743967,0,19993,0.00,0.00,16232,6388,0.31,15968.32,0.00,0.00,0,monpoly
203,1563743968,0,19993,0.00,0.00,16232,6388,0.31,16420.20,0.00,0.00,0,monpoly
204,1563743969,0,19993,0.00,0.00,16232,6388,0.31,16768.00,0.00,0.00,0,monpoly
205,1563743970,0,19993,0.00,0.00,16232,6388,0.31,16896.00,0.00,0.00,0,monpoly
206,1563743971,0,19993,0.00,0.00,16232,6388,0.31,16128.00,0.00,0.00,0,monpoly
207,1563743972,0,19993,0.00,0.00,16232,6388,0.31,16768.00,0.00,0.00,0,monpoly
208,1563743973,0,19993,0.00,0.00,16232,6388,0.31,17152.00,0.00,0.00,0,monpoly
209,1563743974,0,19993,0.00,0.00,16232,6388,0.31,16768.00,0.00,0.00,0,monpoly
210,1563743975,0,19993,0.00,0.00,16232,6388,0.31,16512.00,0.00,0.00,1,monpoly
211,1563743976,0,19993,0.00,0.00,16232,6388,0.31,16768.00,0.00,0.00,0,monpoly
212,1563743977,0,19993,0.00,0.00,16232,6388,0.31,16512.00,0.00,0.00,0,monpoly
213,1563743978,0,19993,0.00,0.00,16232,6388,0.31,17024.00,0.00,0.00,0,monpoly
214,1563743979,0,19993,0.00,0.00,16232,6388,0.31,17024.00,0.00,0.00,0,monpoly
215,1563743980,0,19993,0.00,0.00,16232,6388,0.31,16384.00,0.00,0.00,0,monpoly
216,1563743981,0,19993,0.00,0.00,16232,6388,0.31,15744.00,0.00,0.00,0,monpoly
217,1563743982,0,19993,0.00,0.00,16232,6388,0.31,16896.00,0.00,0.00,0,monpoly
218,1563743983,0,19993,0.00,0.00,16232,6388,0.31,16640.00,0.00,0.00,0,monpoly
219,1563743984,0,19993,0.00,0.00,16232,6388,0.31,16896.00,0.00,0.00,0,monpoly
220,1563743985,0,19993,0.00,0.00,16232,6388,0.31,16896.00,0.00,0.00,0,monpoly
221,1563743986,0,19993,0.00,0.00,16232,6388,0.31,17024.00,0.00,0.00,0,monpoly
222,1563743987,0,19993,0.00,0.00,16232,6388,0.31,16640.00,0.00,0.00,0,monpoly
223,1563743988,0,19993,0.00,0.00,16232,6388,0.31,16896.00,0.00,0.00,0,monpoly
224,1563743989,0,19993,0.00,0.00,16232,6388,0.31,16640.00,0.00,0.00,0,monpoly
225,1563743990,0,19993,0.00,0.00,16232,6340,0.31,16896.00,0.00,0.00,0,monpoly
226,1563743991,0,19993,0.00,0.00,16232,6340,0.31,17152.00,0.00,0.00,0,monpoly
227,1563743992,0,19993,0.00,0.00,16232,6340,0.31,16128.00,0.00,0.00,0,monpoly
228,1563743993,0,19993,0.00,0.00,16232,6340,0.31,16512.00,0.00,0.00,0,monpoly
229,1563743994,0,19993,0.00,0.00,16232,6340,0.31,16512.00,0.00,0.00,0,monpoly
230,1563743995,0,19993,0.00,0.00,16232,6340,0.31,17152.00,0.00,0.00,0,monpoly
231,1563743996,0,19993,0.00,0.00,16232,6340,0.31,16384.00,0.00,0.00,0,monpoly
232,1563743997,0,19993,0.00,0.00,16232,6340,0.31,15872.00,0.00,0.00,0,monpoly
233,1563743998,0,19993,0.00,0.00,16232,6340,0.31,16768.00,0.00,0.00,0,monpoly
234,1563743999,0,19993,0.00,0.00,16232,6340,0.31,15488.00,0.00,0.00,0,monpoly
235,1563744000,0,19993,0.00,0.00,16232,6340,0.31,16768.00,0.00,0.00,0,monpoly
236,1563744001,0,19993,0.00,0.00,16232,6340,0.31,15744.00,0.00,0.00,0,monpoly
237,1563744002,0,19993,0.00,0.00,16232,6340,0.31,14464.00,0.00,0.00,0,monpoly
238,1563744003,0,19993,0.00,0.00,16232,6340,0.31,15744.00,0.00,0.00,0,monpoly
239,1563744004,0,19993,0.00,0.00,16232,6340,0.31,16384.00,0.00,0.00,0,monpoly
240,1563744005,0,19993,0.00,0.00,16232,6340,0.31,16384.00,0.00,0.00,0,monpoly
241,1563744006,0,19993,0.00,0.00,16232,6340,0.31,15744.00,0.00,0.00,0,monpoly
242,1563744007,0,19993,0.00,0.00,16232,6340,0.31,14592.00,0.00,0.00,0,monpoly
243,1563744008,0,19993,0.00,0.00,16232,6340,0.31,15104.00,0.00,0.00,0,monpoly
244,1563744009,0,19993,0.00,0.00,16232,6340,0.31,16095.05,0.00,0.00,0,monpoly
245,1563744010,0,19993,0.00,0.00,16232,6340,0.31,15616.00,0.00,0.00,0,monpoly
246,1563744011,0,19993,0.00,0.00,16232,6340,0.31,16161.62,0.00,0.00,1,monpoly
247,1563744012,0,19993,0.00,0.00,16232,6340,0.31,16128.00,0.00,0.00,0,monpoly
248,1563744013,0,19993,0.00,0.00,16232,6340,0.31,15360.00,0.00,0.00,0,monpoly
249,1563744014,0,19993,0.00,0.00,16232,6340,0.31,16896.00,0.00,0.00,0,monpoly
250,1563744015,0,19993,0.00,0.00,16232,6340,0.31,16640.00,0.00,0.00,0,monpoly
251,1563744016,0,19993,0.00,0.00,16232,6340,0.31,15968.32,0.00,0.00,0,monpoly
252,1563744017,0,19993,0.00,0.00,16232,6340,0.31,16032.32,0.00,0.00,0,monpoly
253,1563744018,0,19993,0.00,0.00,16232,6340,0.31,17152.00,0.00,0.00,0,monpoly
254,1563744019,0,19993,0.00,0.00,16232,6340,0.31,16348.51,0.00,0.00,0,monpoly
255,1563744020,0,19993,0.00,0.00,16232,6340,0.31,16420.20,0.00,0.00,0,monpoly
256,1563744021,0,19993,0.00,0.00,16232,6340,0.31,15841.58,0.00,0.00,0,monpoly
257,1563744022,0,19993,0.00,0.00,16232,6340,0.31,16290.91,0.00,0.00,0,monpoly
258,1563744023,0,19993,0.00,0.00,16232,6340,0.31,16601.98,0.00,0.00,0,monpoly
259,1563744024,0,19993,0.00,0.00,16232,6340,0.31,16678.79,0.00,0.00,0,monpoly
260,1563744025,0,19993,0.00,0.00,16232,6340,0.31,17152.00,0.00,0.00,0,monpoly
261,1563744026,0,19993,0.00,0.00,16232,6340,0.31,16256.00,0.00,0.00,0,monpoly
262,1563744027,0,19993,0.00,0.00,16232,6340,0.31,15714.85,0.00,0.00,0,monpoly
263,1563744028,0,19993,0.00,0.00,16232,6340,0.31,16420.20,0.00,0.00,0,monpoly
264,1563744029,0,19993,0.00,0.00,16232,6340,0.31,16095.05,0.00,0.00,0,monpoly
265,1563744030,0,19993,0.00,0.00,16232,6340,0.31,17024.00,0.00,0.00,0,monpoly
266,1563744031,0,19993,0.00,0.00,16232,6340,0.31,16678.79,0.00,0.00,0,monpoly
267,1563744032,0,19993,0.00,0.00,16232,6340,0.31,15872.00,0.00,0.00,0,monpoly
268,1563744033,0,19993,0.00,0.00,16232,6340,0.31,16256.00,0.00,0.00,0,monpoly
269,1563744034,0,19993,0.00,0.00,16232,6340,0.31,17152.00,0.00,0.00,0,monpoly
270,1563744035,0,19993,0.00,0.00,16232,6340,0.31,17280.00,0.00,0.00,0,monpoly
271,1563744036,0,19993,0.00,0.00,16232,6340,0.31,16512.00,0.00,0.00,0,monpoly
272,1563744037,0,19993,0.00,0.00,16232,6340,0.31,17280.00,0.00,0.00,0,monpoly
273,1563744038,0,19993,0.00,0.00,16232,6340,0.31,17152.00,0.00,0.00,0,monpoly
274,1563744039,0,19993,0.00,0.00,16232,6340,0.31,17536.00,0.00,0.00,0,monpoly
275,1563744040,0,19993,0.00,0.00,16232,6340,0.31,17408.00,0.00,0.00,0,monpoly
276,1563744041,0,19993,0.00,0.00,16232,6340,0.31,16640.00,0.00,0.00,0,monpoly
277,1563744042,0,19993,0.00,0.00,16232,6340,0.31,16728.71,0.00,0.00,0,monpoly
278,1563744043,0,19993,0.00,0.00,16232,6340,0.31,16640.00,0.00,0.00,0,monpoly
279,1563744044,0,19993,0.00,0.00,16232,6340,0.31,17583.84,0.00,0.00,0,monpoly
280,1563744045,0,19993,0.00,0.00,16232,6340,0.31,16728.71,0.00,0.00,0,monpoly
281,1563744046,0,19993,0.00,0.00,16232,6340,0.31,16808.08,0.00,0.00,0,monpoly
282,1563744047,0,19993,0.00,0.00,16232,6340,0.31,16896.00,0.00,0.00,0,monpoly
283,1563744048,0,19993,0.00,0.00,16232,6340,0.31,16728.71,0.00,0.00,0,monpoly
284,1563744049,0,19993,0.00,0.00,16232,6340,0.31,16808.08,0.00,0.00,0,monpoly
285,1563744050,0,19993,0.00,0.00,16232,6340,0.31,16475.25,0.00,0.00,0,monpoly
286,1563744051,0,19993,0.00,0.00,16232,6340,0.31,17195.96,0.00,0.00,0,monpoly
287,1563744052,0,19993,0.00,0.00,16232,6340,0.31,16896.00,0.00,0.00,0,monpoly
288,1563744053,0,19993,0.00,0.00,16232,6340,0.31,17108.91,0.00,0.00,0,monpoly
289,1563744054,0,19993,0.00,0.00,16232,6340,0.31,17664.00,0.00,0.00,0,monpoly
290,1563744055,0,19993,0.00,0.00,16232,6340,0.31,17280.00,0.00,0.00,0,monpoly
291,1563744056,0,19993,0.00,0.00,16232,6340,0.31,17583.84,0.00,0.00,0,monpoly
292,1563744057,0,19993,0.00,0.00,16232,6340,0.31,17408.00,0.00,0.00,0,monpoly
293,1563744058,0,19993,0.00,0.00,16232,6340,0.31,17024.00,0.00,0.00,0,monpoly
294,1563744059,0,19993,0.00,0.00,16232,6340,0.31,16855.45,0.00,0.00,0,monpoly
295,1563744060,0,19993,0.00,0.00,16232,6340,0.31,16896.00,0.00,0.00,0,monpoly
296,1563744061,0,19993,0.00,0.00,16232,6340,0.31,16678.79,0.00,0.00,0,monpoly
297,1563744062,0,19993,0.00,0.00,16232,6340,0.31,15104.00,0.00,0.00,0,monpoly
298,1563744063,0,19993,0.00,0.00,16232,6340,0.31,16728.71,0.00,0.00,0,monpoly
299,1563744064,0,19993,0.00,0.00,16232,6340,0.31,16000.00,0.00,0.00,0,monpoly
300,1563744065,0,19993,0.00,0.00,16232,6340,0.31,16640.00,0.00,0.00,0,monpoly
301,1563744066,0,19993,0.00,0.00,16232,6340,0.31,16000.00,0.00,0.00,0,monpoly
302,1563744067,0,19993,0.00,0.00,16232,6340,0.31,16768.00,0.00,0.00,0,monpoly
303,1563744068,0,19993,0.00,0.00,16232,6340,0.31,16640.00,0.00,0.00,0,monpoly
304,1563744069,0,19993,0.00,0.00,16232,6340,0.31,17280.00,0.00,0.00,0,monpoly
305,1563744070,0,19993,0.00,0.00,16232,6340,0.31,15360.00,0.00,0.00,0,monpoly
306,1563744071,0,19993,0.00,0.00,16232,6340,0.31,16256.00,0.00,0.00,0,monpoly
307,1563744072,0,19993,0.00,0.00,16232,6340,0.31,16000.00,0.00,0.00,0,monpoly
308,1563744073,0,19993,1.00,0.00,16232,6340,0.31,15360.00,4.00,0.00,1,monpoly
309,1563744074,0,19993,0.00,0.00,16232,6340,0.31,16000.00,0.00,0.00,0,monpoly
310,1563744075,0,19993,0.00,0.00,16232,6340,0.31,16937.37,0.00,0.00,0,monpoly
311,1563744076,0,19993,0.00,0.00,16232,6340,0.31,16221.78,0.00,0.00,0,monpoly
312,1563744077,0,19993,0.00,0.00,16232,6340,0.31,16128.00,0.00,0.00,0,monpoly
313,1563744078,0,19993,0.00,0.00,16232,6340,0.31,17024.00,0.00,0.00,0,monpoly
314,1563744079,0,19993,0.00,0.00,16232,6340,0.31,17066.67,0.00,0.00,0,monpoly
315,1563744080,0,19993,0.00,0.00,16232,6340,0.31,15744.00,0.00,0.00,0,monpoly
316,1563744081,0,19993,0.00,0.00,16232,6340,0.31,16095.05,0.00,0.00,0,monpoly
317,1563744082,0,19993,0.00,0.00,16232,6340,0.31,16000.00,0.00,0.00,0,monpoly
318,1563744083,0,19993,0.00,0.00,16232,6340,0.31,16512.00,0.00,0.00,0,monpoly
319,1563744084,0,19993,0.00,0.00,16232,6340,0.31,16290.91,0.00,0.00,0,monpoly
320,1563744085,0,19993,0.00,0.00,16232,6340,0.31,16512.00,0.00,0.00,0,monpoly
321,1563744086,0,19993,0.00,0.00,16232,6340,0.31,16128.00,0.00,0.00,0,monpoly
322,1563744087,0,19993,0.00,0.00,16232,6340,0.31,15588.12,0.00,0.00,0,monpoly
323,1563744088,0,19993,0.00,0.00,16232,6340,0.31,15232.00,0.00,0.00,0,monpoly
324,1563744089,0,19993,0.00,0.00,16232,6340,0.31,15744.00,0.00,0.00,0,monpoly
325,1563744090,0,19993,0.00,0.00,16232,6340,0.31,16128.00,0.00,0.00,0,monpoly
326,1563744091,0,19993,0.00,0.00,16232,6340,0.31,15232.00,0.00,0.00,0,monpoly
327,1563744092,0,19993,0.00,0.00,16232,6340,0.31,15385.86,0.00,0.00,0,monpoly
328,1563744093,0,19993,0.00,0.00,16232,6340,0.31,15081.19,0.00,0.00,0,monpoly
329,1563744094,0,19993,0.00,0.00,16232,6340,0.31,16290.91,0.00,0.00,0,monpoly
330,1563744095,0,19993,0.00,0.00,16232,6340,0.31,16095.05,0.00,0.00,0,monpoly
331,1563744096,0,19993,0.00,0.00,16232,6340,0.31,14976.00,0.00,0.00,0,monpoly
332,1563744097,0,19993,0.00,0.00,16232,6340,0.31,15360.00,0.00,0.00,0,monpoly
333,1563744098,0,19993,0.00,0.00,16232,6340,0.31,15773.74,0.00,0.00,0,monpoly
334,1563744099,0,19993,0.00,0.00,16232,6340,0.31,16095.05,0.00,0.00,0,monpoly
335,1563744100,0,19993,0.00,0.00,16232,6340,0.31,15872.00,0.00,0.00,0,monpoly
336,1563744101,0,19993,0.00,0.00,16232,6340,0.31,15644.44,0.00,0.00,0,monpoly
337,1563744102,0,19993,0.00,0.00,16232,6340,0.31,16128.00,0.00,0.00,0,monpoly
338,1563744103,0,19993,0.00,0.00,16232,6340,0.31,15488.00,0.00,0.00,0,monpoly
339,1563744104,0,19993,0.00,0.00,16232,6340,0.31,15744.00,0.00,0.00,0,monpoly
340,1563744105,0,19993,0.00,0.00,16232,6340,0.31,16256.00,0.00,0.00,0,monpoly
341,1563744106,0,19993,0.00,0.00,16232,6340,0.31,14720.00,0.00,0.00,0,monpoly
342,1563744107,0,19993,0.00,0.00,16232,6340,0.31,14320.79,0.00,0.00,0,monpoly
343,1563744108,0,19993,0.00,0.00,16232,6340,0.31,16000.00,0.00,0.00,0,monpoly
344,1563744109,0,19993,0.00,0.00,16232,6340,0.31,14997.98,0.00,0.00,0,monpoly
345,1563744110,0,19993,0.00,0.00,16232,6340,0.31,15334.65,0.00,0.00,0,monpoly
346,1563744111,0,19993,0.00,0.00,16232,6340,0.31,17280.00,0.00,0.00,0,monpoly
347,1563744112,0,19993,0.00,0.00,16232,6340,0.31,16290.91,0.00,0.00,0,monpoly
348,1563744113,0,19993,0.00,0.00,16232,6340,0.31,16728.71,0.00,0.00,0,monpoly
349,1563744114,0,19993,0.00,0.00,16232,6340,0.31,16768.00,0.00,0.00,0,monpoly
350,1563744115,0,19993,0.00,0.00,16232,6340,0.31,16384.00,0.00,0.00,0,monpoly
351,1563744116,0,19993,0.00,0.00,16232,6340,0.31,16808.08,0.00,0.00,0,monpoly
352,1563744117,0,19993,0.00,0.00,16232,6340,0.31,17024.00,0.00,0.00,0,monpoly
353,1563744118,0,19993,0.00,0.00,16232,6340,0.31,15872.00,0.00,0.00,0,monpoly
354,1563744119,0,19993,0.00,0.00,16232,6340,0.31,15841.58,0.00,0.00,0,monpoly
355,1563744120,0,19993,0.00,0.00,16232,6340,0.31,15903.03,0.00,0.00,0,monpoly
356,1563744121,0,19993,0.00,0.00,16232,6340,0.31,16256.00,0.00,0.00,0,monpoly
357,1563744122,0,19993,0.00,0.00,16232,6340,0.31,15232.00,0.00,0.00,0,monpoly
358,1563744123,0,19993,0.00,0.00,16232,6340,0.31,14592.00,0.00,0.00,0,monpoly
359,1563744124,0,19993,0.00,0.00,16232,6340,0.31,16601.98,0.00,0.00,0,monpoly
360,1563744125,0,19993,0.00,0.00,16232,6340,0.31,17066.67,0.00,0.00,0,monpoly
361,1563744126,0,19993,0.00,0.00,16232,6340,0.31,15872.00,0.00,0.00,0,monpoly
362,1563744127,0,19993,0.00,0.00,16232,6340,0.31,16000.00,0.00,0.00,0,monpoly
363,1563744128,0,19993,0.00,0.00,16232,6340,0.31,16640.00,0.00,0.00,0,monpoly
364,1563744129,0,19993,0.00,0.00,16232,6340,0.31,16256.00,0.00,0.00,0,monpoly
365,1563744130,0,19993,0.00,0.00,16232,6340,0.31,15081.19,0.00,0.00,0,monpoly
366,1563744131,0,19993,0.00,0.00,16232,6340,0.31,15127.27,0.00,0.00,0,monpoly
367,1563744132,0,19993,0.00,0.00,16232,6340,0.31,13180.20,0.00,0.00,0,monpoly
368,1563744133,0,19993,0.00,0.00,16232,6340,0.31,14720.00,0.00,0.00,0,monpoly
369,1563744134,0,19993,0.00,0.00,16232,6340,0.31,16420.20,0.00,0.00,0,monpoly
370,1563744135,0,19993,0.00,0.00,16232,6340,0.31,15744.00,0.00,0.00,0,monpoly
371,1563744136,0,19993,0.00,0.00,16232,6340,0.31,15872.00,0.00,0.00,0,monpoly
372,1563744137,0,19993,0.00,0.00,16232,6340,0.31,15104.00,0.00,0.00,0,monpoly
373,1563744138,0,19993,0.00,0.00,16232,6340,0.31,15104.00,0.00,0.00,0,monpoly
374,1563744139,0,19993,0.00,0.00,16232,6340,0.31,15461.39,0.00,0.00,0,monpoly
375,1563744140,0,19993,0.00,0.00,16232,6340,0.31,15488.00,0.00,0.00,0,monpoly
376,1563744141,0,19993,0.00,0.00,16232,6340,0.31,15616.00,0.00,0.00,0,monpoly
377,1563744142,0,19993,0.00,0.00,16232,6340,0.31,13568.00,0.00,0.00,0,monpoly
378,1563744143,0,19993,0.00,0.00,16232,6340,0.31,16384.00,0.00,0.00,0,monpoly
379,1563744144,0,19993,0.00,0.00,16232,6340,0.31,14194.06,0.00,0.00,0,monpoly
380,1563744145,0,19993,0.00,0.00,16232,6340,0.31,16161.62,0.00,0.00,0,monpoly
381,1563744146,0,19993,0.00,0.00,16232,6340,0.31,15207.92,0.00,0.00,0,monpoly
382,1563744147,0,19993,0.00,0.00,16232,6340,0.31,15616.00,0.00,0.00,0,monpoly
383,1563744148,0,19993,0.00,0.00,16232,6340,0.31,16549.49,0.00,0.00,0,monpoly
384,1563744149,0,19993,0.00,0.00,16232,6340,0.31,16000.00,0.00,0.00,0,monpoly
385,1563744150,0,19993,0.00,0.00,16232,6340,0.31,15488.00,0.00,0.00,1,monpoly
386,1563744151,0,19993,0.00,0.00,16232,6340,0.31,15644.44,0.00,0.00,0,monpoly
387,1563744152,0,19993,0.00,0.00,16232,6340,0.31,15207.92,0.00,0.00,0,monpoly
388,1563744153,0,19993,0.00,0.00,16232,6340,0.31,15488.00,0.00,0.00,0,monpoly
389,1563744154,0,19993,0.00,0.00,16232,6340,0.31,15232.00,0.00,0.00,0,monpoly
390,1563744155,0,19993,0.00,0.00,16232,6340,0.31,14976.00,0.00,0.00,0,monpoly
391,1563744156,0,19993,0.00,0.00,16232,6340,0.31,16896.00,0.00,0.00,0,monpoly
392,1563744157,0,19993,0.00,0.00,16232,6340,0.31,16128.00,0.00,0.00,0,monpoly
393,1563744158,0,19993,0.00,0.00,16232,6340,0.31,17280.00,0.00,0.00,0,monpoly
394,1563744159,0,19993,0.00,0.00,16232,6340,0.31,16768.00,0.00,0.00,0,monpoly
395,1563744160,0,19993,0.00,0.00,16232,6340,0.31,17152.00,0.00,0.00,0,monpoly
396,1563744161,0,19993,0.00,0.00,16232,6340,0.31,16808.08,0.00,0.00,0,monpoly
397,1563744162,0,19993,0.00,0.00,16232,6340,0.31,16221.78,0.00,0.00,0,monpoly
398,1563744163,0,19993,0.00,0.00,16232,6340,0.31,16384.00,0.00,0.00,0,monpoly
399,1563744164,0,19993,0.00,0.00,16232,6340,0.31,16768.00,0.00,0.00,0,monpoly
400,1563744165,0,19993,0.00,0.00,16232,6340,0.31,16128.00,0.00,0.00,0,monpoly
401,1563744166,0,19993,0.00,0.00,16232,6340,0.31,17280.00,0.00,0.00,0,monpoly
402,1563744167,0,19993,0.00,0.00,16232,6340,0.31,16384.00,0.00,0.00,0,monpoly
403,1563744168,0,19993,0.00,0.00,16232,6340,0.31,16768.00,0.00,0.00,0,monpoly
404,1563744169,0,19993,0.00,0.00,16232,6340,0.31,17408.00,0.00,0.00,0,monpoly
405,1563744170,0,19993,0.00,0.00,16232,6340,0.31,16161.62,0.00,0.00,0,monpoly
406,1563744171,0,19993,0.00,0.00,16232,6340,0.31,16768.00,0.00,0.00,0,monpoly
407,1563744172,0,19993,0.00,0.00,16232,6340,0.31,16768.00,0.00,0.00,0,monpoly
408,1563744173,0,19993,0.00,0.00,16232,6340,0.31,15488.00,0.00,0.00,0,monpoly
409,1563744174,0,19993,0.00,0.00,16232,6340,0.31,16128.00,0.00,0.00,0,monpoly
410,1563744175,0,19993,0.00,0.00,16232,6340,0.31,16256.00,0.00,0.00,0,monpoly
411,1563744176,0,19993,0.00,0.00,16232,6340,0.31,16348.51,0.00,0.00,0,monpoly
412,1563744177,0,19993,0.00,0.00,16232,6340,0.31,16549.49,0.00,0.00,0,monpoly
413,1563744178,0,19993,0.00,0.00,16232,6340,0.31,16768.00,0.00,0.00,0,monpoly
414,1563744179,0,19993,0.00,0.00,16232,6340,0.31,17489.11,0.00,0.00,0,monpoly
415,1563744180,0,19993,0.00,0.00,16232,6340,0.31,16937.37,0.00,0.00,0,monpoly
416,1563744181,0,19993,0.00,0.00,16232,6340,0.31,16768.00,0.00,0.00,0,monpoly
417,1563744182,0,19993,0.00,0.00,16232,6340,0.31,16095.05,0.00,0.00,0,monpoly
418,1563744183,0,19993,0.00,0.00,16232,6340,0.31,16420.20,0.00,0.00,0,monpoly
419,1563744184,0,19993,0.00,0.00,16232,6340,0.31,17024.00,0.00,0.00,0,monpoly
420,1563744185,0,19993,0.00,0.00,16232,6340,0.31,17489.11,0.00,0.00,0,monpoly
421,1563744186,0,19993,0.00,0.00,16232,6340,0.31,17583.84,0.00,0.00,0,monpoly
422,1563744187,0,19993,0.00,0.00,16232,6340,0.31,16640.00,0.00,0.00,0,monpoly
423,1563744188,0,19993,0.00,0.00,16232,6340,0.31,17235.64,0.00,0.00,0,monpoly
424,1563744189,0,19993,0.00,0.00,16232,6340,0.31,17280.00,0.00,0.00,0,monpoly
425,1563744190,0,19993,0.00,0.00,16232,6340,0.31,17792.00,0.00,0.00,0,monpoly
426,1563744191,0,19993,0.00,0.00,16232,6340,0.31,17195.96,0.00,0.00,0,monpoly
427,1563744192,0,19993,0.00,0.00,16232,6340,0.31,16768.00,0.00,0.00,0,monpoly
428,1563744193,0,19993,0.00,0.00,16232,6340,0.31,16815.69,0.00,0.00,0,monpoly
429,1563744194,0,19993,0.00,0.00,16232,6340,0.31,17066.67,0.00,0.00,0,monpoly
430,1563744195,0,19993,0.00,0.00,16232,6340,0.31,17664.00,0.00,0.00,0,monpoly
431,1563744196,0,19993,0.00,0.00,16232,6340,0.31,17024.00,0.00,0.00,0,monpoly
432,1563744197,0,19993,0.00,0.00,16232,6340,0.31,15714.85,0.00,0.00,0,monpoly
433,1563744198,0,19993,0.00,0.00,16232,6340,0.31,16896.00,0.00,0.00,0,monpoly
434,1563744199,0,19993,0.00,0.00,16232,6340,0.31,17325.25,0.00,0.00,0,monpoly
435,1563744200,0,19993,0.00,0.00,16232,6340,0.31,16512.00,0.00,0.00,0,monpoly
436,1563744201,0,19993,0.00,0.00,16232,6340,0.31,16348.51,0.00,0.00,0,monpoly
437,1563744202,0,19993,0.00,0.00,16232,6340,0.31,16032.32,0.00,0.00,0,monpoly
438,1563744203,0,19993,0.00,0.00,16232,6340,0.31,16128.00,0.00,0.00,0,monpoly
439,1563744204,0,19993,0.00,0.00,16232,6340,0.31,15232.00,0.00,0.00,0,monpoly
440,1563744205,0,19993,0.00,0.00,16232,6340,0.31,16768.00,0.00,0.00,0,monpoly
441,1563744206,0,19993,0.00,0.00,16232,6340,0.31,15616.00,0.00,0.00,0,monpoly
442,1563744207,0,19993,0.00,0.00,16232,6340,0.31,15616.00,0.00,0.00,0,monpoly
443,1563744208,0,19993,0.00,0.00,16232,6340,0.31,17408.00,0.00,0.00,0,monpoly
444,1563744209,0,19993,0.00,0.00,16232,6340,0.31,15461.39,0.00,0.00,0,monpoly
445,1563744210,0,19993,0.00,0.00,16232,6340,0.31,16768.00,0.00,0.00,0,monpoly
446,1563744211,0,19993,0.00,0.00,16232,6340,0.31,17152.00,0.00,0.00,0,monpoly
447,1563744212,0,19993,0.00,0.00,16232,6340,0.31,16640.00,0.00,0.00,0,monpoly
448,1563744213,0,19993,0.00,0.00,16232,6340,0.31,17066.67,0.00,0.00,0,monpoly
449,1563744214,0,19993,0.00,0.00,16232,6340,0.31,16768.00,0.00,0.00,0,monpoly
450,1563744215,0,19993,0.00,0.00,16232,6340,0.31,17408.00,0.00,0.00,0,monpoly
451,1563744216,0,19993,0.00,0.00,16232,6340,0.31,16640.00,0.00,0.00,0,monpoly
452,1563744217,0,19993,0.00,0.00,16232,6340,0.31,16855.45,0.00,0.00,0,monpoly
453,1563744218,0,19993,0.00,0.00,16232,6340,0.31,16896.00,0.00,0.00,0,monpoly
454,1563744219,0,19993,0.00,0.00,16232,6340,0.31,16896.00,0.00,0.00,0,monpoly
455,1563744220,0,19993,0.00,0.00,16232,6340,0.31,17583.84,0.00,0.00,1,monpoly
456,1563744221,0,19993,0.00,0.00,16232,6340,0.31,16601.98,0.00,0.00,0,monpoly
457,1563744222,0,19993,0.00,0.00,16232,6340,0.31,17066.67,0.00,0.00,0,monpoly
458,1563744223,0,19993,0.00,0.00,16232,6340,0.31,15714.85,0.00,0.00,0,monpoly
459,1563744224,0,19993,0.00,0.00,16232,6340,0.31,17066.67,0.00,0.00,0,monpoly
460,1563744225,0,19993,0.00,0.00,16232,6340,0.31,17024.00,0.00,0.00,0,monpoly
461,1563744226,0,19993,0.00,0.00,16232,6340,0.31,16475.25,0.00,0.00,0,monpoly
462,1563744227,0,19993,0.00,0.00,16232,6340,0.31,17583.84,0.00,0.00,0,monpoly
463,1563744228,0,19993,0.00,0.00,16232,6340,0.31,17664.00,0.00,0.00,0,monpoly
464,1563744229,0,19993,0.00,0.00,16232,6340,0.31,17152.00,0.00,0.00,0,monpoly
465,1563744230,0,19993,0.00,0.00,16232,6340,0.31,16384.00,0.00,0.00,0,monpoly
466,1563744231,0,19993,0.00,0.00,16232,6340,0.31,17024.00,0.00,0.00,0,monpoly
467,1563744232,0,19993,0.00,0.00,16232,6340,0.31,17108.91,0.00,0.00,1,monpoly
468,1563744233,0,19993,0.00,0.00,16232,6340,0.31,16768.00,0.00,0.00,1,monpoly
469,1563744234,0,19993,0.00,0.00,16232,6340,0.31,17152.00,0.00,0.00,1,monpoly
470,1563744235,0,19993,0.00,0.00,16232,6340,0.31,16384.00,0.00,0.00,0,monpoly
471,1563744236,0,19993,0.00,0.00,16232,6340,0.31,16896.00,0.00,0.00,0,monpoly
472,1563744237,0,19993,0.00,0.00,16232,6340,0.31,17195.96,0.00,0.00,1,monpoly
473,1563744238,0,19993,0.00,0.00,16232,6340,0.31,16640.00,0.00,0.00,1,monpoly
474,1563744239,0,19993,0.00,0.00,16232,6340,0.31,17536.00,0.00,0.00,0,monpoly
475,1563744240,0,19993,0.00,0.00,16232,6340,0.31,17280.00,0.00,0.00,0,monpoly
476,1563744241,0,19993,0.00,0.00,16232,6340,0.31,16601.98,0.00,0.00,0,monpoly
477,1563744242,0,19993,0.00,0.00,16232,6340,0.31,14720.00,0.00,0.00,0,monpoly
478,1563744243,0,19993,0.00,0.00,16232,6340,0.31,17066.67,0.00,0.00,1,monpoly
479,1563744244,0,19993,0.00,0.00,16232,6340,0.31,16768.00,0.00,0.00,0,monpoly
480,1563744245,0,19993,0.00,0.00,16232,6340,0.31,17664.00,0.00,0.00,0,monpoly
481,1563744246,0,19993,0.00,0.00,16232,6340,0.31,16475.25,0.00,0.00,0,monpoly
482,1563744247,0,19993,0.00,0.00,16232,6340,0.31,17152.00,0.00,0.00,0,monpoly
483,1563744248,0,19993,0.00,0.00,16232,6340,0.31,17664.00,0.00,0.00,0,monpoly
484,1563744249,0,19993,0.00,0.00,16232,6340,0.31,16768.00,0.00,0.00,0,monpoly
485,1563744250,0,19993,0.00,0.00,16232,6340,0.31,17325.25,0.00,0.00,0,monpoly
486,1563744251,0,19993,0.00,0.00,16232,6340,0.31,17489.11,0.00,0.00,0,monpoly
487,1563744252,0,19993,0.00,0.00,16232,6340,0.31,16256.00,0.00,0.00,0,monpoly
488,1563744253,0,19993,0.00,0.00,16232,6340,0.31,16420.20,0.00,0.00,2,monpoly
489,1563744254,0,19993,0.00,0.00,16232,6340,0.31,17408.00,0.00,0.00,0,monpoly
490,1563744255,0,19993,0.00,0.00,16232,6340,0.31,17408.00,0.00,0.00,0,monpoly
491,1563744256,0,19993,0.00,0.00,16232,6340,0.31,16512.00,0.00,0.00,0,monpoly
492,1563744257,0,19993,0.00,0.00,16232,6340,0.31,17024.00,0.00,0.00,0,monpoly
493,1563744258,0,19993,0.00,0.00,16232,6340,0.31,17280.00,0.00,0.00,0,monpoly
494,1563744259,0,19993,0.00,0.00,16232,6340,0.31,17408.00,0.00,0.00,0,monpoly
495,1563744260,0,19993,0.00,0.00,16232,6340,0.31,16384.00,0.00,0.00,0,monpoly
496,1563744261,0,19993,0.00,0.00,16232,6340,0.31,17024.00,0.00,0.00,0,monpoly
497,1563744262,0,19993,0.00,0.00,16232,6340,0.31,16420.20,0.00,0.00,0,monpoly
498,1563744263,0,19993,0.00,0.00,16232,6340,0.31,15841.58,0.00,0.00,0,monpoly
499,1563744264,0,19993,0.00,0.00,16232,6340,0.31,15773.74,0.00,0.00,0,monpoly
500,1563744265,0,19993,0.00,0.00,16232,6340,0.31,16896.00,0.00,0.00,0,monpoly
501,1563744266,0,19993,0.00,0.00,16232,6340,0.31,16348.51,0.00,0.00,0,monpoly
502,1563744267,0,19993,0.00,0.00,16232,6340,0.31,16128.00,0.00,0.00,1,monpoly
503,1563744268,0,19993,0.00,0.00,16232,6340,0.31,16768.00,0.00,0.00,0,monpoly
504,1563744269,0,19993,0.00,0.00,16232,6340,0.31,17280.00,0.00,0.00,0,monpoly
505,1563744270,0,19993,0.00,0.00,16232,6340,0.31,16290.91,0.00,0.00,0,monpoly
506,1563744271,0,19993,0.00,0.00,16232,6340,0.31,16384.00,0.00,0.00,0,monpoly
507,1563744272,0,19993,0.00,0.00,16232,6340,0.31,16728.71,0.00,0.00,0,monpoly
508,1563744273,0,19993,0.00,0.00,16232,6340,0.31,16896.00,0.00,0.00,0,monpoly
509,1563744274,0,19993,0.00,0.00,16232,6340,0.31,17408.00,0.00,0.00,0,monpoly
510,1563744275,0,19993,0.00,0.00,16232,6340,0.31,16937.37,0.00,0.00,0,monpoly
511,1563744276,0,19993,0.00,0.00,16232,6340,0.31,15841.58,0.00,0.00,0,monpoly
512,1563744277,0,19993,0.00,0.00,16232,6340,0.31,16384.00,0.00,0.00,0,monpoly
513,1563744278,0,19993,0.00,0.00,16232,6340,0.31,17066.67,0.00,0.00,0,monpoly
514,1563744279,0,19993,0.00,0.00,16232,6340,0.31,17108.91,0.00,0.00,0,monpoly
515,1563744280,0,19993,0.00,0.00,16232,6340,0.31,17152.00,0.00,0.00,0,monpoly
516,1563744281,0,19993,0.00,0.00,16232,6340,0.31,16256.00,0.00,0.00,0,monpoly
517,1563744282,0,19993,0.00,0.00,16232,6340,0.31,16384.00,0.00,0.00,0,monpoly
518,1563744283,0,19993,0.00,0.00,16232,6340,0.31,16640.00,0.00,0.00,0,monpoly
519,1563744284,0,19993,0.00,0.00,16232,6340,0.31,16640.00,0.00,0.00,0,monpoly
520,1563744285,0,19993,0.00,0.00,16232,6340,0.31,16384.00,0.00,0.00,0,monpoly
521,1563744286,0,19993,0.00,0.00,16232,6340,0.31,16768.00,0.00,0.00,0,monpoly
522,1563744287,0,19993,0.00,0.00,16232,6340,0.31,16032.32,0.00,0.00,0,monpoly
523,1563744288,0,19993,0.00,0.00,16232,6340,0.31,16728.71,0.00,0.00,0,monpoly
524,1563744289,0,19993,0.00,0.00,16232,6340,0.31,16640.00,0.00,0.00,0,monpoly
525,1563744290,0,19993,0.00,0.00,16232,6340,0.31,16640.00,0.00,0.00,0,monpoly
526,1563744291,0,19993,0.00,0.00,16232,6340,0.31,16512.00,0.00,0.00,0,monpoly
527,1563744292,0,19993,0.00,0.00,16232,6340,0.31,17024.00,0.00,0.00,0,monpoly
528,1563744293,0,19993,0.00,0.00,16232,6340,0.31,17195.96,0.00,0.00,0,monpoly
529,1563744294,0,19993,0.00,0.00,16232,6340,0.31,17108.91,0.00,0.00,0,monpoly
530,1563744295,0,19993,0.00,0.00,16232,6340,0.31,16808.08,0.00,0.00,0,monpoly
531,1563744296,0,19993,0.00,0.00,16232,6340,0.31,16256.00,0.00,0.00,0,monpoly
532,1563744297,0,19993,0.00,0.00,16232,6340,0.31,15872.00,0.00,0.00,0,monpoly
533,1563744298,0,19993,0.00,0.00,16232,6340,0.31,16640.00,0.00,0.00,0,monpoly
534,1563744299,0,19993,0.00,0.00,16232,6340,0.31,16896.00,0.00,0.00,0,monpoly
535,1563744300,0,19993,0.00,0.00,16232,6340,0.31,16896.00,0.00,0.00,0,monpoly
536,1563744301,0,19993,0.00,0.00,16232,6340,0.31,15744.00,0.00,0.00,0,monpoly
537,1563744302,0,19993,0.00,0.00,16232,6340,0.31,13440.00,0.00,0.00,0,monpoly
538,1563744303,0,19993,0.00,0.00,16232,6340,0.31,16000.00,0.00,0.00,0,monpoly
539,1563744304,0,19993,0.00,0.00,16232,6340,0.31,17152.00,0.00,0.00,0,monpoly
540,1563744305,0,19993,0.00,0.00,16232,6340,0.31,16896.00,0.00,0.00,0,monpoly
541,1563744306,0,19993,0.00,0.00,16232,6340,0.31,16896.00,0.00,0.00,0,monpoly
542,1563744307,0,19993,0.00,0.00,16232,6340,0.31,16000.00,0.00,0.00,0,monpoly
543,1563744308,0,19993,0.00,0.00,16232,6340,0.31,16896.00,0.00,0.00,0,monpoly
544,1563744309,0,19993,0.00,0.00,16232,6340,0.31,16937.37,0.00,0.00,0,monpoly
545,1563744310,0,19993,0.00,0.00,16232,6340,0.31,17192.16,0.00,0.00,0,monpoly
546,1563744311,0,19993,0.00,0.00,16232,6340,0.31,15515.15,0.00,0.00,0,monpoly
547,1563744312,0,19993,0.00,0.00,16232,6340,0.31,16475.25,0.00,0.00,0,monpoly
548,1563744313,0,19993,0.00,0.00,16232,6340,0.31,13952.00,0.00,0.00,0,monpoly
549,1563744314,0,19993,0.00,0.00,16232,6340,0.31,16290.91,0.00,0.00,0,monpoly
550,1563744315,0,19993,0.00,0.00,16232,6340,0.31,16128.00,0.00,0.00,0,monpoly
551,1563744316,0,19993,0.00,0.00,16232,6340,0.31,16728.71,0.00,0.00,0,monpoly
552,1563744317,0,19993,0.00,0.00,16232,6340,0.31,16808.08,0.00,0.00,0,monpoly
553,1563744318,0,19993,0.00,0.00,16232,6340,0.31,17280.00,0.00,0.00,0,monpoly
554,1563744319,0,19993,0.00,0.00,16232,6340,0.31,17108.91,0.00,0.00,0,monpoly
555,1563744320,0,19993,0.00,0.00,16232,6340,0.31,17066.67,0.00,0.00,0,monpoly
556,1563744321,0,19993,0.00,0.00,16232,6340,0.31,16728.71,0.00,0.00,0,monpoly
557,1563744322,0,19993,0.00,0.00,16232,6340,0.31,16640.00,0.00,0.00,0,monpoly
558,1563744323,0,19993,0.00,0.00,16232,6340,0.31,17024.00,0.00,0.00,0,monpoly
559,1563744324,0,19993,0.00,0.00,16232,6340,0.31,17066.67,0.00,0.00,0,monpoly
560,1563744325,0,19993,0.00,0.00,16232,6340,0.31,16095.05,0.00,0.00,4,monpoly
561,1563744326,0,19993,0.00,0.00,16232,6340,0.31,16161.62,0.00,0.00,0,monpoly
562,1563744327,0,19993,0.00,0.00,16232,6340,0.31,16896.00,0.00,0.00,0,monpoly
563,1563744328,0,19993,0.00,0.00,16232,6340,0.31,16095.05,0.00,0.00,0,monpoly
564,1563744329,0,19993,0.00,0.00,16232,6340,0.31,16768.00,0.00,0.00,0,monpoly
565,1563744330,0,19993,0.00,0.00,16232,6340,0.31,17280.00,0.00,0.00,0,monpoly
566,1563744331,0,19993,0.00,0.00,16232,6340,0.31,16475.25,0.00,0.00,0,monpoly
567,1563744332,0,19993,0.00,0.00,16232,6340,0.31,17066.67,0.00,0.00,0,monpoly
568,1563744333,0,19993,0.00,0.00,16232,6340,0.31,16728.71,0.00,0.00,0,monpoly
569,1563744334,0,19993,0.00,0.00,16232,6340,0.31,16640.00,0.00,0.00,0,monpoly
570,1563744335,0,19993,0.00,0.00,16232,6340,0.31,16678.79,0.00,0.00,0,monpoly
571,1563744336,0,19993,0.00,0.00,16232,6340,0.31,17280.00,0.00,0.00,0,monpoly
572,1563744337,0,19993,0.00,0.00,16232,6340,0.31,16475.25,0.00,0.00,0,monpoly
573,1563744338,0,19993,0.00,0.00,16232,6340,0.31,16937.37,0.00,0.00,0,monpoly
574,1563744339,0,19993,0.00,0.00,16232,6340,0.31,16348.51,0.00,0.00,0,monpoly
575,1563744340,0,19993,0.00,0.00,16232,6340,0.31,17066.67,0.00,0.00,0,monpoly
576,1563744341,0,19993,0.00,0.00,16232,6340,0.31,16896.00,0.00,0.00,0,monpoly
577,1563744342,0,19993,0.00,0.00,16232,6340,0.31,15360.00,0.00,0.00,0,monpoly
578,1563744343,0,19993,0.00,0.00,16232,6340,0.31,16982.18,0.00,0.00,0,monpoly
579,1563744344,0,19993,0.00,0.00,16232,6340,0.31,16808.08,0.00,0.00,0,monpoly
580,1563744345,0,19993,0.00,0.00,16232,6340,0.31,16728.71,0.00,0.00,0,monpoly
581,1563744346,0,19993,0.00,0.00,16232,6340,0.31,16808.08,0.00,0.00,1,monpoly
582,1563744347,0,19993,0.00,0.00,16232,6340,0.31,16000.00,0.00,0.00,0,monpoly
583,1563744348,0,19993,0.00,0.00,16232,6340,0.31,16640.00,0.00,0.00,0,monpoly
584,1563744349,0,19993,0.00,0.00,16232,6340,0.31,16678.79,0.00,0.00,0,monpoly
585,1563744350,0,19993,0.00,0.00,16232,6340,0.31,16348.51,0.00,0.00,5,monpoly
586,1563744351,0,19993,0.00,0.00,16232,6340,0.31,16937.37,0.00,0.00,0,monpoly
587,1563744352,0,19993,0.00,0.00,16232,6340,0.31,15841.58,0.00,0.00,0,monpoly
588,1563744353,0,19993,0.00,0.00,16232,6340,0.31,17066.67,0.00,0.00,0,monpoly
589,1563744354,0,19993,0.00,0.00,16232,6340,0.31,16728.71,0.00,0.00,0,monpoly
590,1563744355,0,19993,0.00,0.00,16232,6340,0.31,17024.00,0.00,0.00,0,monpoly
591,1563744356,0,19993,0.00,0.00,16232,6340,0.31,17152.00,0.00,0.00,0,monpoly
592,1563744357,0,19993,0.00,0.00,16232,6340,0.31,16420.20,0.00,0.00,0,monpoly
593,1563744358,0,19993,0.00,0.00,16232,6340,0.31,16728.71,0.00,0.00,0,monpoly
594,1563744359,0,19993,0.00,0.00,16232,6340,0.31,17408.00,0.00,0.00,0,monpoly
595,1563744360,0,19993,0.00,0.00,16232,6340,0.31,17024.00,0.00,0.00,0,monpoly
596,1563744361,0,19993,0.00,0.00,16232,6340,0.31,16640.00,0.00,0.00,0,monpoly
597,1563744362,0,19993,0.00,0.00,16232,6340,0.31,15903.03,0.00,0.00,0,monpoly
598,1563744363,0,19993,0.00,0.00,16232,6340,0.31,15968.32,0.00,0.00,0,monpoly
599,1563744364,0,19993,0.00,0.00,16232,6340,0.31,16640.00,0.00,0.00,0,monpoly
600,1563744365,0,19993,0.00,0.00,16232,6340,0.31,16896.00,0.00,0.00,0,monpoly
601,1563744366,0,19993,0.00,0.00,16232,6340,0.31,16256.00,0.00,0.00,0,monpoly
602,1563744367,0,19993,0.00,0.00,16232,6340,0.31,16768.00,0.00,0.00,0,monpoly
603,1563744368,0,19993,0.00,0.00,16232,6340,0.31,17024.00,0.00,0.00,0,monpoly
604,1563744369,0,19993,0.00,0.00,16232,6340,0.31,17454.55,0.00,0.00,0,monpoly
605,1563744370,0,19993,0.00,0.00,16232,6340,0.31,16728.71,0.00,0.00,0,monpoly
606,1563744371,0,19993,0.00,0.00,16232,6340,0.31,17024.00,0.00,0.00,0,monpoly
607,1563744372,0,19993,0.00,0.00,16232,6340,0.31,17454.55,0.00,0.00,0,monpoly
608,1563744373,0,19993,0.00,0.00,16232,6340,0.31,15872.00,0.00,0.00,0,monpoly
609,1563744374,0,19993,0.00,0.00,16232,6340,0.31,16855.45,0.00,0.00,2,monpoly
610,1563744375,0,19993,0.00,0.00,16232,6340,0.31,18048.00,0.00,0.00,0,monpoly
611,1563744376,0,19993,0.00,0.00,16232,6340,0.31,16000.00,0.00,0.00,0,monpoly
612,1563744377,0,19993,0.00,0.00,16232,6340,0.31,16128.00,0.00,0.00,0,monpoly
613,1563744378,0,19993,0.00,0.00,16232,6340,0.31,16896.00,0.00,0.00,0,monpoly
614,1563744379,0,19993,0.00,0.00,16232,6340,0.31,16512.00,0.00,0.00,0,monpoly
615,1563744380,0,19993,0.00,0.00,16232,6340,0.31,17024.00,0.00,0.00,0,monpoly
616,1563744381,0,19993,0.00,0.00,16232,6340,0.31,16678.79,0.00,0.00,0,monpoly
617,1563744382,0,19993,0.00,0.00,16232,6340,0.31,15207.92,0.00,0.00,0,monpoly
618,1563744383,0,19993,0.00,0.00,16232,6340,0.31,16937.37,0.00,0.00,0,monpoly
619,1563744384,0,19993,0.00,0.00,16232,6340,0.31,16728.71,0.00,0.00,0,monpoly
620,1563744385,0,19993,0.00,0.00,16232,6340,0.31,17920.00,0.00,0.00,0,monpoly
621,1563744386,0,19993,0.00,0.00,16232,6340,0.31,16384.00,0.00,0.00,0,monpoly
622,1563744387,0,19993,0.00,0.00,16232,6340,0.31,16549.49,0.00,0.00,0,monpoly
623,1563744388,0,19993,0.00,0.00,16232,6340,0.31,16475.25,0.00,0.00,0,monpoly
624,1563744389,0,19993,0.00,0.00,16232,6340,0.31,14464.00,0.00,0.00,0,monpoly
625,1563744390,0,19993,0.00,0.00,16232,6340,0.31,16640.00,0.00,0.00,0,monpoly
626,1563744391,0,19993,0.00,0.00,16232,6340,0.31,16640.00,0.00,0.00,0,monpoly
627,1563744392,0,19993,0.00,0.00,16232,6340,0.31,16549.49,0.00,0.00,0,monpoly
628,1563744393,0,19993,0.00,0.00,16232,6340,0.31,16601.98,0.00,0.00,0,monpoly
629,1563744394,0,19993,0.00,0.00,16232,6340,0.31,16678.79,0.00,0.00,0,monpoly
