1,1563878931,0,8993,44.12,0.00,13312,3176,0.16,0.00,0.00,0.00,0,dejavu
2,1563878932,0,8993,34.34,0.00,13312,3208,0.16,3761.62,72.73,0.00,0,dejavu
3,1563878933,0,8993,0.00,0.00,13312,3208,0.16,0.00,0.00,0.00,0,dejavu
4,1563878934,0,8993,0.00,0.00,13312,3208,0.16,0.00,0.00,0.00,0,dejavu
5,1563878935,0,8993,0.00,0.00,13312,3208,0.16,0.00,0.00,0.00,0,dejavu
6,1563878936,0,8993,0.00,0.00,13312,3208,0.16,0.00,0.00,0.00,0,dejavu
7,1563878937,0,8993,0.00,0.00,13312,3208,0.16,0.00,0.00,0.00,0,dejavu
8,1563878938,0,8993,0.00,0.00,13312,3208,0.16,0.00,0.00,0.00,0,dejavu
9,1563878939,0,8993,0.00,0.00,13312,3208,0.16,0.00,0.00,0.00,0,dejavu
10,1563878940,0,8993,0.00,0.00,13312,3208,0.16,0.00,0.00,0.00,0,dejavu
11,1563878941,0,8993,0.00,0.00,13312,3208,0.16,0.00,0.00,0.00,0,dejavu
12,1563878942,0,8993,0.00,0.00,13312,3208,0.16,0.00,0.00,0.00,0,dejavu
13,1563878943,0,8993,0.00,0.00,13312,3208,0.16,0.00,0.00,0.00,0,dejavu
14,1563878944,0,8993,0.00,0.00,13312,3208,0.16,0.00,0.00,0.00,0,dejavu
15,1563878945,0,8993,0.00,0.00,13312,3208,0.16,0.00,0.00,0.00,0,dejavu
16,1563878946,0,8993,0.00,0.00,13312,3208,0.16,0.00,0.00,0.00,0,dejavu
17,1563878947,0,8993,0.00,0.00,13312,3208,0.16,0.00,0.00,0.00,0,dejavu
18,1563878948,0,8993,0.00,0.00,13312,3208,0.16,0.00,0.00,0.00,0,dejavu
19,1563878949,0,8993,70.30,0.00,13312,3208,0.16,19596.04,400.00,0.00,0,dejavu
20,1563878950,0,8993,0.00,0.00,13312,3208,0.16,0.00,0.00,0.00,0,dejavu
21,1563878951,0,8993,0.00,0.00,13312,3208,0.16,0.00,0.00,0.00,0,dejavu
22,1563878952,0,8993,0.00,0.00,13312,3208,0.16,0.00,0.00,0.00,0,dejavu
23,1563878953,0,8993,0.00,0.00,13312,3208,0.16,0.00,0.00,0.00,0,dejavu
24,1563878954,0,8993,0.00,0.00,13312,3208,0.16,0.00,0.00,0.00,0,dejavu
25,1563878955,0,8993,0.00,0.00,13312,3208,0.16,0.00,0.00,0.00,0,dejavu
26,1563878956,0,8993,0.00,0.00,13312,3208,0.16,0.00,0.00,0.00,0,dejavu
27,1563878957,0,8993,0.00,0.00,13312,3208,0.16,0.00,0.00,0.00,0,dejavu
28,1563878958,0,8993,0.00,0.00,13312,3208,0.16,0.00,0.00,0.00,0,dejavu
29,1563878959,0,8993,0.00,0.00,13312,3208,0.16,0.00,0.00,0.00,0,dejavu
30,1563878960,0,8993,0.00,0.00,13312,3208,0.16,0.00,0.00,0.00,0,dejavu
31,1563878961,0,8993,0.00,0.00,13312,3208,0.16,0.00,0.00,0.00,0,dejavu
32,1563878962,0,8993,0.00,0.00,13312,3208,0.16,0.00,0.00,0.00,0,dejavu
33,1563878963,0,8993,0.00,0.00,13312,3208,0.16,0.00,0.00,0.00,0,dejavu
34,1563878964,0,8993,0.00,0.00,13312,3208,0.16,0.00,0.00,0.00,0,dejavu
35,1563878965,0,8993,0.00,0.00,13312,3208,0.16,0.00,0.00,0.00,0,dejavu
36,1563878966,0,8993,0.00,0.00,13312,3208,0.16,0.00,0.00,0.00,0,dejavu
37,1563878967,0,8993,0.00,0.00,13312,3208,0.16,0.00,0.00,0.00,0,dejavu
38,1563878968,0,8993,0.00,0.00,13312,3208,0.16,0.00,0.00,0.00,0,dejavu
39,1563878969,0,8993,0.00,0.00,13312,3208,0.16,0.00,0.00,0.00,0,dejavu
40,1563878970,0,8993,0.00,0.00,13312,3208,0.16,0.00,0.00,0.00,0,dejavu
41,1563878971,0,8993,0.00,0.00,13312,3208,0.16,0.00,0.00,0.00,0,dejavu
42,1563878972,0,8993,0.00,0.00,13312,3208,0.16,0.00,0.00,0.00,0,dejavu
43,1563878973,0,8993,0.00,0.00,13312,3208,0.16,0.00,0.00,0.00,0,dejavu
44,1563878974,0,8993,0.00,0.00,13312,3208,0.16,0.00,0.00,0.00,0,dejavu
45,1563878975,0,8993,0.00,0.00,13312,3208,0.16,0.00,0.00,0.00,0,dejavu
46,1563878976,0,8993,0.00,0.00,13312,3208,0.16,0.00,0.00,0.00,0,dejavu
47,1563878977,0,8993,0.00,0.00,13312,3208,0.16,0.00,0.00,0.00,0,dejavu
48,1563878978,0,8993,0.00,0.00,13312,3208,0.16,0.00,0.00,0.00,0,dejavu
49,1563878979,0,8993,0.00,0.00,13312,3208,0.16,0.00,0.00,0.00,0,dejavu
50,1563878980,0,8993,0.00,0.00,13312,3208,0.16,0.00,0.00,0.00,0,dejavu
51,1563878981,0,8993,0.00,0.00,13312,3208,0.16,0.00,0.00,0.00,0,dejavu
52,1563878982,0,8993,0.00,0.00,13312,3208,0.16,0.00,0.00,0.00,0,dejavu
53,1563878983,0,8993,0.00,0.00,13312,3208,0.16,0.00,0.00,0.00,0,dejavu
54,1563878984,0,8993,0.00,0.00,13312,3208,0.16,0.00,0.00,0.00,0,dejavu
55,1563878985,0,8993,0.00,0.00,13312,3208,0.16,0.00,0.00,0.00,0,dejavu
56,1563878986,0,8993,0.00,0.00,13312,3208,0.16,0.00,0.00,0.00,0,dejavu
57,1563878987,0,8993,0.00,0.00,13312,3208,0.16,0.00,0.00,0.00,0,dejavu
58,1563878988,0,8993,0.00,0.00,13312,3208,0.16,0.00,0.00,0.00,0,dejavu
59,1563878989,0,8993,0.00,0.00,13312,3208,0.16,0.00,0.00,0.00,0,dejavu
60,1563878990,0,8993,0.00,0.00,13312,3208,0.16,0.00,0.00,0.00,0,dejavu
61,1563878991,0,8993,0.00,0.00,13312,3208,0.16,0.00,0.00,0.00,0,dejavu
62,1563878992,0,8993,0.00,0.00,13312,3208,0.16,0.00,0.00,0.00,0,dejavu
63,1563878993,0,8993,0.00,0.00,13312,3208,0.16,0.00,0.00,0.00,0,dejavu
64,1563878994,0,8993,0.00,0.00,13312,3208,0.16,0.00,0.00,0.00,0,dejavu
65,1563878995,0,8993,0.00,0.00,13312,3208,0.16,0.00,0.00,0.00,0,dejavu
66,1563878996,0,8993,0.00,0.00,13312,3208,0.16,0.00,0.00,0.00,0,dejavu
67,1563878997,0,8993,0.00,0.00,13312,3208,0.16,0.00,0.00,0.00,0,dejavu
68,1563878998,0,8993,0.00,0.00,13312,3208,0.16,0.00,0.00,0.00,0,dejavu
69,1563878999,0,8993,0.00,0.00,13312,3208,0.16,0.00,0.00,0.00,0,dejavu
70,1563879000,0,8993,0.00,0.00,13312,3208,0.16,0.00,0.00,0.00,0,dejavu
71,1563879001,0,8993,0.00,0.00,13312,3208,0.16,0.00,0.00,0.00,0,dejavu
72,1563879002,0,8993,0.00,0.00,13312,3208,0.16,0.00,0.00,0.00,0,dejavu
73,1563879003,0,8993,0.00,0.00,13312,3208,0.16,0.00,0.00,0.00,0,dejavu
74,1563879004,0,8993,0.00,0.00,13312,3208,0.16,0.00,0.00,0.00,0,dejavu
75,1563879005,0,8993,0.00,0.00,13312,3208,0.16,0.00,0.00,0.00,0,dejavu
76,1563879006,0,8993,0.00,0.00,13312,3208,0.16,0.00,0.00,0.00,0,dejavu
77,1563879007,0,8993,0.00,0.00,13312,3208,0.16,0.00,0.00,0.00,0,dejavu
78,1563879008,0,8993,0.00,0.00,13312,3208,0.16,0.00,0.00,0.00,0,dejavu
79,1563879009,0,8993,0.00,0.00,13312,3208,0.16,0.00,0.00,0.00,0,dejavu
80,1563879010,0,8993,0.00,0.00,13312,3208,0.16,0.00,0.00,0.00,0,dejavu
81,1563879011,0,8993,0.00,0.00,13312,3208,0.16,0.00,0.00,0.00,0,dejavu
82,1563879012,0,8993,0.00,0.00,13312,3208,0.16,0.00,0.00,0.00,0,dejavu
83,1563879013,0,8993,0.00,0.00,13312,3208,0.16,0.00,0.00,0.00,0,dejavu
84,1563879014,0,8993,0.00,0.00,13312,3208,0.16,0.00,0.00,0.00,0,dejavu
85,1563879015,0,8993,0.00,0.00,13312,3208,0.16,0.00,0.00,0.00,0,dejavu
86,1563879016,0,8993,0.00,0.00,13312,3208,0.16,0.00,0.00,0.00,0,dejavu
87,1563879017,0,8993,0.00,0.00,13312,3208,0.16,0.00,0.00,0.00,0,dejavu
88,1563879018,0,8993,0.00,0.00,13312,3208,0.16,0.00,0.00,0.00,0,dejavu
89,1563879019,0,8993,0.00,0.00,13312,3208,0.16,0.00,0.00,0.00,0,dejavu
90,1563879020,0,8993,0.00,0.00,13312,3208,0.16,0.00,0.00,0.00,0,dejavu
91,1563879021,0,8993,0.00,0.00,13312,3208,0.16,0.00,0.00,0.00,0,dejavu
92,1563879022,0,8993,0.00,0.00,13312,3208,0.16,0.00,0.00,0.00,0,dejavu
93,1563879023,0,8993,0.00,0.00,13312,3208,0.16,0.00,0.00,0.00,0,dejavu
94,1563879024,0,8993,0.00,0.00,13312,3208,0.16,0.00,0.00,0.00,0,dejavu
95,1563879025,0,8993,0.00,0.00,13312,3208,0.16,0.00,0.00,0.00,0,dejavu
96,1563879026,0,8993,0.00,0.00,13312,3208,0.16,0.00,0.00,0.00,0,dejavu
97,1563879027,0,8993,0.00,0.00,13312,3208,0.16,0.00,0.00,0.00,0,dejavu
98,1563879028,0,8993,0.00,0.00,13312,3208,0.16,0.00,0.00,0.00,0,dejavu
99,1563879029,0,8993,0.00,0.00,13312,3208,0.16,0.00,0.00,0.00,0,dejavu
100,1563879030,0,8993,0.00,0.00,13312,3208,0.16,0.00,0.00,0.00,0,dejavu
101,1563879031,0,8993,0.00,0.00,13312,3208,0.16,0.00,0.00,0.00,0,dejavu
102,1563879032,0,8993,0.00,0.00,13312,3208,0.16,0.00,0.00,0.00,0,dejavu
103,1563879033,0,8993,0.00,0.00,13312,3208,0.16,0.00,0.00,0.00,0,dejavu
104,1563879034,0,8993,0.00,0.00,13312,3208,0.16,0.00,0.00,0.00,0,dejavu
105,1563879035,0,8993,0.00,0.00,13312,3208,0.16,0.00,0.00,0.00,0,dejavu
106,1563879036,0,8993,0.00,0.00,13312,3208,0.16,0.00,0.00,0.00,0,dejavu
107,1563879037,0,8993,0.00,0.00,13312,3208,0.16,0.00,0.00,0.00,0,dejavu
108,1563879038,0,8993,0.00,0.00,13312,3208,0.16,0.00,0.00,0.00,0,dejavu
109,1563879039,0,8993,0.00,0.00,13312,3208,0.16,0.00,0.00,0.00,0,dejavu
110,1563879040,0,8993,0.00,0.00,13312,3208,0.16,0.00,0.00,0.00,0,dejavu
111,1563879041,0,8993,0.00,0.00,13312,3208,0.16,0.00,0.00,0.00,0,dejavu
112,1563879042,0,8993,0.00,0.00,13312,3208,0.16,0.00,0.00,0.00,0,dejavu
113,1563879043,0,8993,0.00,0.00,13312,3208,0.16,0.00,0.00,0.00,0,dejavu
114,1563879044,0,8993,0.00,0.00,13312,3208,0.16,0.00,0.00,0.00,0,dejavu
115,1563879045,0,8993,0.00,0.00,13312,3208,0.16,0.00,0.00,0.00,0,dejavu
116,1563879046,0,8993,0.00,0.00,13312,3208,0.16,0.00,0.00,0.00,0,dejavu
117,1563879047,0,8993,0.00,0.00,13312,3208,0.16,0.00,0.00,0.00,0,dejavu
118,1563879048,0,8993,0.00,0.00,13312,3208,0.16,0.00,0.00,0.00,0,dejavu
119,1563879049,0,8993,0.00,0.00,13312,3208,0.16,0.00,0.00,0.00,0,dejavu
120,1563879050,0,8993,0.00,0.00,13312,3208,0.16,0.00,0.00,0.00,0,dejavu
121,1563879051,0,8993,0.00,0.00,13312,3208,0.16,0.00,0.00,0.00,0,dejavu
122,1563879052,0,8993,0.00,0.00,13312,3208,0.16,0.00,0.00,0.00,0,dejavu
123,1563879053,0,8993,0.00,0.00,13312,3208,0.16,0.00,0.00,0.00,0,dejavu
124,1563879054,0,8993,0.00,0.00,13312,3208,0.16,0.00,0.00,0.00,0,dejavu
125,1563879055,0,8993,0.00,0.00,13312,3208,0.16,0.00,0.00,0.00,0,dejavu
126,1563879056,0,8993,0.00,0.00,13312,3208,0.16,0.00,0.00,0.00,0,dejavu
127,1563879057,0,8993,0.00,0.00,13312,3208,0.16,0.00,0.00,0.00,0,dejavu
128,1563879058,0,8993,0.00,0.00,13312,3208,0.16,0.00,0.00,0.00,0,dejavu
129,1563879059,0,8993,0.00,0.00,13312,3208,0.16,0.00,0.00,0.00,0,dejavu
130,1563879060,0,8993,0.00,0.00,13312,3208,0.16,0.00,0.00,0.00,0,dejavu
131,1563879061,0,8993,0.00,0.00,13312,3208,0.16,0.00,0.00,0.00,0,dejavu
132,1563879062,0,8993,0.00,0.00,13312,3208,0.16,0.00,0.00,0.00,0,dejavu
133,1563879063,0,8993,0.00,0.00,13312,3208,0.16,0.00,0.00,0.00,0,dejavu
134,1563879064,0,8993,0.00,0.00,13312,3208,0.16,0.00,0.00,0.00,0,dejavu
135,1563879065,0,8993,0.00,0.00,13312,3208,0.16,0.00,0.00,0.00,0,dejavu
136,1563879066,0,8993,0.00,0.00,13312,3208,0.16,0.00,0.00,0.00,0,dejavu
137,1563879067,0,8993,0.00,0.00,13312,3208,0.16,0.00,0.00,0.00,0,dejavu
138,1563879068,0,8993,0.00,0.00,13312,3208,0.16,0.00,0.00,0.00,0,dejavu
139,1563879069,0,8993,0.00,0.00,13312,3208,0.16,0.00,0.00,0.00,0,dejavu
140,1563879070,0,8993,0.00,0.00,13312,3208,0.16,0.00,0.00,0.00,0,dejavu
141,1563879071,0,8993,0.00,0.00,13312,3208,0.16,0.00,0.00,0.00,0,dejavu
142,1563879072,0,8993,0.00,0.00,13312,3208,0.16,0.00,0.00,0.00,0,dejavu
143,1563879073,0,8993,0.00,0.00,13312,3208,0.16,0.00,0.00,0.00,0,dejavu
144,1563879074,0,8993,0.00,0.00,13312,3208,0.16,0.00,0.00,0.00,0,dejavu
145,1563879075,0,8993,0.00,0.00,13312,3208,0.16,0.00,0.00,0.00,0,dejavu
146,1563879076,0,8993,0.00,0.00,13312,3208,0.16,0.00,0.00,0.00,0,dejavu
147,1563879077,0,8993,0.00,0.00,13312,3208,0.16,0.00,0.00,0.00,0,dejavu
148,1563879078,0,8993,0.00,0.00,13312,3208,0.16,0.00,0.00,0.00,0,dejavu
149,1563879079,0,8993,0.00,0.00,13312,3208,0.16,0.00,0.00,0.00,0,dejavu
150,1563879080,0,8993,0.00,0.00,13312,3208,0.16,0.00,0.00,0.00,0,dejavu
151,1563879081,0,8993,0.00,0.00,13312,3208,0.16,0.00,0.00,0.00,0,dejavu
152,1563879082,0,8993,0.00,0.00,13312,3208,0.16,0.00,0.00,0.00,0,dejavu
153,1563879083,0,8993,0.00,0.00,13312,3208,0.16,0.00,0.00,0.00,0,dejavu
154,1563879084,0,8993,0.00,0.00,13312,3208,0.16,0.00,0.00,0.00,0,dejavu
155,1563879085,0,8993,0.00,0.00,13312,3208,0.16,0.00,0.00,0.00,0,dejavu
156,1563879086,0,8993,0.00,0.00,13312,3208,0.16,0.00,0.00,0.00,0,dejavu
157,1563879087,0,8993,0.00,0.00,13312,3208,0.16,0.00,0.00,0.00,0,dejavu
158,1563879088,0,8993,0.00,0.00,13312,3208,0.16,0.00,0.00,0.00,0,dejavu
159,1563879089,0,8993,0.00,0.00,13312,3208,0.16,0.00,0.00,0.00,0,dejavu
160,1563879090,0,8993,0.00,0.00,13312,3208,0.16,0.00,0.00,0.00,0,dejavu
161,1563879091,0,8993,0.00,0.00,13312,3208,0.16,0.00,0.00,0.00,0,dejavu
162,1563879092,0,8993,0.00,0.00,13312,3208,0.16,0.00,0.00,0.00,0,dejavu
163,1563879093,0,8993,0.00,0.00,13312,3208,0.16,0.00,0.00,0.00,0,dejavu
164,1563879094,0,8993,0.00,0.00,13312,3208,0.16,0.00,0.00,0.00,0,dejavu
165,1563879095,0,8993,0.00,0.00,13312,3208,0.16,0.00,0.00,0.00,0,dejavu
166,1563879096,0,8993,0.00,0.00,13312,3208,0.16,0.00,0.00,0.00,0,dejavu
167,1563879097,0,8993,0.00,0.00,13312,3208,0.16,0.00,0.00,0.00,0,dejavu
168,1563879098,0,8993,0.00,0.00,13312,3208,0.16,0.00,0.00,0.00,0,dejavu
169,1563879099,0,8993,0.00,0.00,13312,3208,0.16,0.00,0.00,0.00,0,dejavu
170,1563879100,0,8993,0.00,0.00,13312,3208,0.16,0.00,0.00,0.00,0,dejavu
171,1563879101,0,8993,0.00,0.00,13312,3208,0.16,0.00,0.00,0.00,0,dejavu
172,1563879102,0,8993,0.00,0.00,13312,3208,0.16,0.00,0.00,0.00,0,dejavu
173,1563879103,0,8993,0.00,0.00,13312,3208,0.16,0.00,0.00,0.00,0,dejavu
174,1563879104,0,8993,0.00,0.00,13312,3208,0.16,0.00,0.00,0.00,0,dejavu
175,1563879105,0,8993,0.00,0.00,13312,3208,0.16,0.00,0.00,0.00,0,dejavu
176,1563879106,0,8993,0.00,0.00,13312,3208,0.16,0.00,0.00,0.00,0,dejavu
177,1563879107,0,8993,0.00,0.00,13312,3208,0.16,0.00,0.00,0.00,0,dejavu
178,1563879108,0,8993,0.00,0.00,13312,3208,0.16,0.00,0.00,0.00,0,dejavu
179,1563879109,0,8993,0.00,0.00,13312,3208,0.16,0.00,0.00,0.00,0,dejavu
180,1563879110,0,8993,0.00,0.00,13312,3208,0.16,0.00,0.00,0.00,0,dejavu
181,1563879111,0,8993,0.00,0.00,13312,3208,0.16,0.00,0.00,0.00,0,dejavu
182,1563879112,0,8993,0.00,0.00,13312,3208,0.16,0.00,0.00,0.00,0,dejavu
183,1563879113,0,8993,0.00,0.00,13312,3208,0.16,0.00,0.00,0.00,0,dejavu
184,1563879114,0,8993,0.00,0.00,13312,3208,0.16,0.00,0.00,0.00,0,dejavu
185,1563879115,0,8993,0.00,0.00,13312,3208,0.16,0.00,0.00,0.00,0,dejavu
186,1563879116,0,8993,0.00,0.00,13312,3208,0.16,0.00,0.00,0.00,0,dejavu
187,1563879117,0,8993,0.00,0.00,13312,3208,0.16,0.00,0.00,0.00,0,dejavu
188,1563879118,0,8993,0.00,0.00,13312,3208,0.16,0.00,0.00,0.00,0,dejavu
189,1563879119,0,8993,0.00,0.00,13312,3208,0.16,0.00,0.00,0.00,0,dejavu
190,1563879120,0,8993,0.00,0.00,13312,3208,0.16,0.00,0.00,0.00,0,dejavu
191,1563879121,0,8993,0.00,0.00,13312,3208,0.16,0.00,0.00,0.00,0,dejavu
192,1563879122,0,8993,0.00,0.00,13312,3076,0.15,0.00,0.00,0.00,0,dejavu
193,1563879123,0,8993,0.00,0.00,13312,3076,0.15,0.00,0.00,0.00,0,dejavu
194,1563879124,0,8993,0.00,0.00,13312,3076,0.15,0.00,0.00,0.00,0,dejavu
195,1563879125,0,8993,0.00,0.00,13312,3076,0.15,0.00,0.00,0.00,0,dejavu
196,1563879126,0,8993,0.00,0.00,13312,3076,0.15,0.00,0.00,0.00,0,dejavu
197,1563879127,0,8993,0.00,0.00,13312,3076,0.15,0.00,0.00,0.00,0,dejavu
198,1563879128,0,8993,0.00,0.00,13312,3076,0.15,0.00,0.00,0.00,0,dejavu
199,1563879129,0,8993,0.00,0.00,13312,3076,0.15,0.00,0.00,0.00,0,dejavu
200,1563879130,0,8993,0.00,0.00,13312,3076,0.15,0.00,0.00,0.00,0,dejavu
201,1563879131,0,8993,0.00,0.00,13312,3076,0.15,0.00,0.00,0.00,0,dejavu
202,1563879132,0,8993,0.00,0.00,13312,3076,0.15,0.00,0.00,0.00,0,dejavu
203,1563879133,0,8993,0.00,0.00,13312,3076,0.15,0.00,0.00,0.00,0,dejavu
204,1563879134,0,8993,0.00,0.00,13312,3076,0.15,0.00,0.00,0.00,0,dejavu
205,1563879135,0,8993,0.00,0.00,13312,3076,0.15,0.00,0.00,0.00,0,dejavu
206,1563879136,0,8993,0.00,0.00,13312,3076,0.15,0.00,0.00,0.00,0,dejavu
207,1563879137,0,8993,0.00,0.00,13312,3076,0.15,0.00,0.00,0.00,0,dejavu
208,1563879138,0,8993,0.00,0.00,13312,3076,0.15,0.00,0.00,0.00,0,dejavu
209,1563879139,0,8993,0.00,0.00,13312,3076,0.15,0.00,0.00,0.00,0,dejavu
210,1563879140,0,8993,0.00,0.00,13312,3076,0.15,0.00,0.00,0.00,0,dejavu
211,1563879141,0,8993,0.00,0.00,13312,3076,0.15,0.00,0.00,0.00,0,dejavu
212,1563879142,0,8993,0.00,0.00,13312,3076,0.15,0.00,0.00,0.00,0,dejavu
213,1563879143,0,8993,0.00,0.00,13312,3076,0.15,0.00,0.00,0.00,0,dejavu
214,1563879144,0,8993,0.00,0.00,13312,3076,0.15,0.00,0.00,0.00,0,dejavu
215,1563879145,0,8993,0.00,0.00,13312,3076,0.15,0.00,0.00,0.00,0,dejavu
216,1563879146,0,8993,0.00,0.00,13312,3076,0.15,0.00,0.00,0.00,0,dejavu
217,1563879147,0,8993,0.00,0.00,13312,3076,0.15,0.00,0.00,0.00,0,dejavu
218,1563879148,0,8993,0.00,0.00,13312,3076,0.15,0.00,0.00,0.00,0,dejavu
219,1563879149,0,8993,0.00,0.00,13312,3076,0.15,0.00,0.00,0.00,0,dejavu
220,1563879150,0,8993,0.00,0.00,13312,3076,0.15,0.00,0.00,0.00,0,dejavu
221,1563879151,0,8993,0.00,0.00,13312,3076,0.15,0.00,0.00,0.00,0,dejavu
222,1563879152,0,8993,0.00,0.00,13312,3076,0.15,0.00,0.00,0.00,0,dejavu
223,1563879153,0,8993,0.00,0.00,13312,3076,0.15,0.00,0.00,0.00,0,dejavu
224,1563879154,0,8993,0.00,0.00,13312,3076,0.15,0.00,0.00,0.00,0,dejavu
225,1563879155,0,8993,0.00,0.00,13312,3076,0.15,0.00,0.00,0.00,0,dejavu
226,1563879156,0,8993,0.00,0.00,13312,3076,0.15,0.00,0.00,0.00,0,dejavu
227,1563879157,0,8993,0.00,0.00,13312,3076,0.15,0.00,0.00,0.00,0,dejavu
228,1563879158,0,8993,0.00,0.00,13312,3076,0.15,0.00,0.00,0.00,0,dejavu
229,1563879159,0,8993,0.00,0.00,13312,3076,0.15,0.00,0.00,0.00,0,dejavu
230,1563879160,0,8993,0.00,0.00,13312,3076,0.15,0.00,0.00,0.00,0,dejavu
231,1563879161,0,8993,0.00,0.00,13312,3076,0.15,0.00,0.00,0.00,0,dejavu
232,1563879162,0,8993,0.00,0.00,13312,3076,0.15,0.00,0.00,0.00,0,dejavu
233,1563879163,0,8993,0.00,0.00,13312,3076,0.15,0.00,0.00,0.00,0,dejavu
234,1563879164,0,8993,0.00,0.00,13312,3076,0.15,0.00,0.00,0.00,0,dejavu
235,1563879165,0,8993,0.00,0.00,13312,3076,0.15,0.00,0.00,0.00,0,dejavu
236,1563879166,0,8993,0.00,0.00,13312,3076,0.15,0.00,0.00,0.00,0,dejavu
237,1563879167,0,8993,0.00,0.00,13312,3076,0.15,0.00,0.00,0.00,0,dejavu
238,1563879168,0,8993,0.00,0.00,13312,3076,0.15,0.00,0.00,0.00,0,dejavu
239,1563879169,0,8993,0.00,0.00,13312,3076,0.15,0.00,0.00,0.00,0,dejavu
240,1563879170,0,8993,0.00,0.00,13312,3076,0.15,0.00,0.00,0.00,0,dejavu
241,1563879171,0,8993,0.00,0.00,13312,3076,0.15,0.00,0.00,0.00,0,dejavu
242,1563879172,0,8993,0.00,0.00,13312,3076,0.15,0.00,0.00,0.00,0,dejavu
243,1563879173,0,8993,0.00,0.00,13312,3076,0.15,0.00,0.00,0.00,0,dejavu
244,1563879174,0,8993,0.00,0.00,13312,3076,0.15,0.00,0.00,0.00,0,dejavu
245,1563879175,0,8993,0.00,0.00,13312,3076,0.15,0.00,0.00,0.00,0,dejavu
246,1563879176,0,8993,0.00,0.00,13312,3076,0.15,0.00,0.00,0.00,0,dejavu
247,1563879177,0,8993,0.00,0.00,13312,3076,0.15,0.00,0.00,0.00,0,dejavu
248,1563879178,0,8993,0.00,0.00,13312,3076,0.15,0.00,0.00,0.00,0,dejavu
249,1563879179,0,8993,0.00,0.00,13312,3076,0.15,0.00,0.00,0.00,0,dejavu
250,1563879180,0,8993,0.00,0.00,13312,3076,0.15,0.00,0.00,0.00,0,dejavu
251,1563879181,0,8993,0.00,0.00,13312,3076,0.15,0.00,0.00,0.00,0,dejavu
252,1563879182,0,8993,0.00,0.00,13312,3076,0.15,0.00,0.00,0.00,0,dejavu
253,1563879183,0,8993,0.00,0.00,13312,3076,0.15,0.00,0.00,0.00,0,dejavu
254,1563879184,0,8993,0.00,0.00,13312,3076,0.15,0.00,0.00,0.00,0,dejavu
255,1563879185,0,8993,0.00,0.00,13312,3076,0.15,0.00,0.00,0.00,0,dejavu
256,1563879186,0,8993,0.00,0.00,13312,3076,0.15,0.00,0.00,0.00,0,dejavu
257,1563879187,0,8993,0.00,0.00,13312,3076,0.15,0.00,0.00,0.00,0,dejavu
258,1563879188,0,8993,0.00,0.00,13312,3076,0.15,0.00,0.00,0.00,0,dejavu
259,1563879189,0,8993,0.00,0.00,13312,3076,0.15,0.00,0.00,0.00,0,dejavu
260,1563879190,0,8993,0.00,0.00,13312,3076,0.15,0.00,0.00,0.00,0,dejavu
261,1563879191,0,8993,0.00,0.00,13312,3076,0.15,0.00,0.00,0.00,0,dejavu
262,1563879192,0,8993,0.00,0.00,13312,3076,0.15,0.00,0.00,0.00,0,dejavu
263,1563879193,0,8993,0.00,0.00,13312,3076,0.15,0.00,0.00,0.00,0,dejavu
264,1563879194,0,8993,0.00,0.00,13312,3076,0.15,0.00,0.00,0.00,0,dejavu
265,1563879195,0,8993,0.00,0.00,13312,3076,0.15,0.00,0.00,0.00,0,dejavu
266,1563879196,0,8993,0.00,0.00,13312,3076,0.15,0.00,0.00,0.00,0,dejavu
267,1563879197,0,8993,0.00,0.00,13312,3076,0.15,0.00,0.00,0.00,0,dejavu
268,1563879198,0,8993,0.00,0.00,13312,3076,0.15,0.00,0.00,0.00,0,dejavu
269,1563879199,0,8993,0.00,0.00,13312,3076,0.15,0.00,0.00,0.00,0,dejavu
270,1563879200,0,8993,0.00,0.00,13312,3076,0.15,0.00,0.00,0.00,0,dejavu
271,1563879201,0,8993,0.00,0.00,13312,3076,0.15,0.00,0.00,0.00,0,dejavu
272,1563879202,0,8993,0.00,0.00,13312,3076,0.15,0.00,0.00,0.00,0,dejavu
273,1563879203,0,8993,0.00,0.00,13312,3076,0.15,0.00,0.00,0.00,0,dejavu
274,1563879204,0,8993,0.00,0.00,13312,3076,0.15,0.00,0.00,0.00,0,dejavu
275,1563879205,0,8993,0.00,0.00,13312,3076,0.15,0.00,0.00,0.00,0,dejavu
276,1563879206,0,8993,0.00,0.00,13312,3076,0.15,0.00,0.00,0.00,0,dejavu
277,1563879207,0,8993,0.00,0.00,13312,3076,0.15,0.00,0.00,0.00,0,dejavu
278,1563879208,0,8993,0.00,0.00,13312,3076,0.15,0.00,0.00,0.00,0,dejavu
279,1563879209,0,8993,0.00,0.00,13312,3076,0.15,0.00,0.00,0.00,0,dejavu
280,1563879210,0,8993,0.00,0.00,13312,3076,0.15,0.00,0.00,0.00,0,dejavu
281,1563879211,0,8993,0.00,0.00,13312,3076,0.15,0.00,0.00,0.00,0,dejavu
282,1563879212,0,8993,0.00,0.00,13312,3076,0.15,0.00,0.00,0.00,0,dejavu
283,1563879213,0,8993,0.00,0.00,13312,3076,0.15,0.00,0.00,0.00,0,dejavu
284,1563879214,0,8993,0.00,0.00,13312,3076,0.15,0.00,0.00,0.00,0,dejavu
285,1563879215,0,8993,0.00,0.00,13312,3076,0.15,0.00,0.00,0.00,0,dejavu
286,1563879216,0,8993,0.00,0.00,13312,3076,0.15,0.00,0.00,0.00,0,dejavu
287,1563879217,0,8993,0.00,0.00,13312,3076,0.15,0.00,0.00,0.00,0,dejavu
288,1563879218,0,8993,0.00,0.00,13312,3076,0.15,0.00,0.00,0.00,0,dejavu
289,1563879219,0,8993,0.00,0.00,13312,3076,0.15,0.00,0.00,0.00,0,dejavu
290,1563879220,0,8993,0.00,0.00,13312,3076,0.15,0.00,0.00,0.00,0,dejavu
291,1563879221,0,8993,0.00,0.00,13312,3076,0.15,0.00,0.00,0.00,0,dejavu
292,1563879222,0,8993,0.00,0.00,13312,3076,0.15,0.00,0.00,0.00,0,dejavu
293,1563879223,0,8993,0.00,0.00,13312,3076,0.15,0.00,0.00,0.00,0,dejavu
294,1563879224,0,8993,0.00,0.00,13312,3076,0.15,0.00,0.00,0.00,0,dejavu
295,1563879225,0,8993,0.00,0.00,13312,3076,0.15,0.00,0.00,0.00,0,dejavu
296,1563879226,0,8993,0.00,0.00,13312,3076,0.15,0.00,0.00,0.00,0,dejavu
297,1563879227,0,8993,0.00,0.00,13312,3076,0.15,0.00,0.00,0.00,0,dejavu
298,1563879228,0,8993,0.00,0.00,13312,3076,0.15,0.00,0.00,0.00,0,dejavu
299,1563879229,0,8993,0.00,0.00,13312,3076,0.15,0.00,0.00,0.00,0,dejavu
300,1563879230,0,8993,0.00,0.00,13312,3076,0.15,0.00,0.00,0.00,0,dejavu
301,1563879231,0,8993,0.00,0.00,13312,3076,0.15,0.00,0.00,0.00,0,dejavu
302,1563879232,0,8993,0.00,0.00,13312,3076,0.15,0.00,0.00,0.00,0,dejavu
303,1563879233,0,8993,0.00,0.00,13312,3076,0.15,0.00,0.00,0.00,0,dejavu
304,1563879234,0,8993,0.00,0.00,13312,3076,0.15,0.00,0.00,0.00,0,dejavu
305,1563879235,0,8993,0.00,0.00,13312,3076,0.15,0.00,0.00,0.00,0,dejavu
306,1563879236,0,8993,0.00,0.00,13312,3076,0.15,0.00,0.00,0.00,0,dejavu
307,1563879237,0,8993,0.00,0.00,13312,3076,0.15,0.00,0.00,0.00,0,dejavu
308,1563879238,0,8993,0.00,0.00,13312,3076,0.15,0.00,0.00,0.00,0,dejavu
309,1563879239,0,8993,0.00,0.00,13312,3076,0.15,0.00,0.00,0.00,0,dejavu
310,1563879240,0,8993,0.00,0.00,13312,3076,0.15,0.00,0.00,0.00,0,dejavu
311,1563879241,0,8993,0.00,0.00,13312,3076,0.15,0.00,0.00,0.00,0,dejavu
312,1563879242,0,8993,0.00,0.00,13312,3076,0.15,0.00,0.00,0.00,0,dejavu
313,1563879243,0,8993,0.00,0.00,13312,3076,0.15,0.00,0.00,0.00,0,dejavu
314,1563879244,0,8993,0.00,0.00,13312,3076,0.15,0.00,0.00,0.00,0,dejavu
315,1563879245,0,8993,0.00,0.00,13312,3076,0.15,0.00,0.00,0.00,0,dejavu
316,1563879246,0,8993,0.00,0.00,13312,3076,0.15,0.00,0.00,0.00,0,dejavu
317,1563879247,0,8993,0.00,0.00,13312,3076,0.15,0.00,0.00,0.00,0,dejavu
318,1563879248,0,8993,0.00,0.00,13312,3076,0.15,0.00,0.00,0.00,0,dejavu
319,1563879249,0,8993,0.00,0.00,13312,3076,0.15,0.00,0.00,0.00,0,dejavu
320,1563879250,0,8993,0.00,0.00,13312,3076,0.15,0.00,0.00,0.00,0,dejavu
321,1563879251,0,8993,0.00,0.00,13312,3076,0.15,0.00,0.00,0.00,0,dejavu
322,1563879252,0,8993,0.00,0.00,13312,3076,0.15,0.00,0.00,0.00,0,dejavu
323,1563879253,0,8993,0.00,0.00,13312,3076,0.15,0.00,0.00,0.00,0,dejavu
324,1563879254,0,8993,0.00,0.00,13312,3076,0.15,0.00,0.00,0.00,0,dejavu
325,1563879255,0,8993,0.00,0.00,13312,3076,0.15,0.00,0.00,0.00,0,dejavu
326,1563879256,0,8993,0.00,0.00,13312,3076,0.15,0.00,0.00,0.00,0,dejavu
327,1563879257,0,8993,0.00,0.00,13312,3076,0.15,0.00,0.00,0.00,0,dejavu
328,1563879258,0,8993,0.00,0.00,13312,3076,0.15,0.00,0.00,0.00,0,dejavu
329,1563879259,0,8993,0.00,0.00,13312,3076,0.15,0.00,0.00,0.00,0,dejavu
330,1563879260,0,8993,0.00,0.00,13312,3076,0.15,0.00,0.00,0.00,0,dejavu
331,1563879261,0,8993,0.00,0.00,13312,3076,0.15,0.00,0.00,0.00,0,dejavu
332,1563879262,0,8993,0.00,0.00,13312,3076,0.15,0.00,0.00,0.00,0,dejavu
333,1563879263,0,8993,0.00,0.00,13312,3076,0.15,0.00,0.00,0.00,0,dejavu
334,1563879264,0,8993,0.00,0.00,13312,3076,0.15,0.00,0.00,0.00,0,dejavu
335,1563879265,0,8993,0.00,0.00,13312,3076,0.15,0.00,0.00,0.00,0,dejavu
336,1563879266,0,8993,0.00,0.00,13312,3076,0.15,0.00,0.00,0.00,0,dejavu
337,1563879267,0,8993,0.00,0.00,13312,3076,0.15,0.00,0.00,0.00,0,dejavu
338,1563879268,0,8993,0.00,0.00,13312,3076,0.15,0.00,0.00,0.00,0,dejavu
339,1563879269,0,8993,0.00,0.00,13312,3076,0.15,0.00,0.00,0.00,0,dejavu
340,1563879270,0,8993,0.00,0.00,13312,3076,0.15,0.00,0.00,0.00,0,dejavu
341,1563879271,0,8993,0.00,0.00,13312,3076,0.15,0.00,0.00,0.00,0,dejavu
342,1563879272,0,8993,0.00,0.00,13312,3076,0.15,0.00,0.00,0.00,0,dejavu
343,1563879273,0,8993,0.00,0.00,13312,3076,0.15,0.00,0.00,0.00,0,dejavu
344,1563879274,0,8993,0.00,0.00,13312,3076,0.15,0.00,0.00,0.00,0,dejavu
345,1563879275,0,8993,0.00,0.00,13312,3076,0.15,0.00,0.00,0.00,0,dejavu
346,1563879276,0,8993,0.00,0.00,13312,3076,0.15,0.00,0.00,0.00,0,dejavu
347,1563879277,0,8993,0.00,0.00,13312,3076,0.15,0.00,0.00,0.00,0,dejavu
348,1563879278,0,8993,0.00,0.00,13312,3076,0.15,0.00,0.00,0.00,0,dejavu
349,1563879279,0,8993,0.00,0.00,13312,3076,0.15,0.00,0.00,0.00,0,dejavu
350,1563879280,0,8993,0.00,0.00,13312,3076,0.15,0.00,0.00,0.00,0,dejavu
351,1563879281,0,8993,0.00,0.00,13312,3076,0.15,0.00,0.00,0.00,0,dejavu
352,1563879282,0,8993,0.00,0.00,13312,3076,0.15,0.00,0.00,0.00,0,dejavu
353,1563879283,0,8993,0.00,0.00,13312,3076,0.15,0.00,0.00,0.00,0,dejavu
354,1563879284,0,8993,0.00,0.00,13312,3076,0.15,0.00,0.00,0.00,0,dejavu
355,1563879285,0,8993,0.00,0.00,13312,3076,0.15,0.00,0.00,0.00,0,dejavu
356,1563879286,0,8993,0.00,0.00,13312,3076,0.15,0.00,0.00,0.00,0,dejavu
357,1563879287,0,8993,0.00,0.00,13312,3076,0.15,0.00,0.00,0.00,0,dejavu
358,1563879288,0,8993,0.00,0.00,13312,3076,0.15,0.00,0.00,0.00,0,dejavu
359,1563879289,0,8993,0.00,0.00,13312,3076,0.15,0.00,0.00,0.00,0,dejavu
360,1563879290,0,8993,0.00,0.00,13312,3076,0.15,0.00,0.00,0.00,0,dejavu
361,1563879291,0,8993,0.00,0.00,13312,3076,0.15,0.00,0.00,0.00,0,dejavu
362,1563879292,0,8993,0.00,0.00,13312,3076,0.15,0.00,0.00,0.00,0,dejavu
363,1563879293,0,8993,0.00,0.00,13312,3076,0.15,0.00,0.00,0.00,0,dejavu
364,1563879294,0,8993,0.00,0.00,13312,3076,0.15,0.00,0.00,0.00,0,dejavu
365,1563879295,0,8993,0.00,0.00,13312,3076,0.15,0.00,0.00,0.00,0,dejavu
366,1563879296,0,8993,0.00,0.00,13312,3076,0.15,0.00,0.00,0.00,0,dejavu
367,1563879297,0,8993,0.00,0.00,13312,3076,0.15,0.00,0.00,0.00,0,dejavu
368,1563879298,0,8993,0.00,0.00,13312,3076,0.15,0.00,0.00,0.00,0,dejavu
369,1563879299,0,8993,0.00,0.00,13312,3076,0.15,0.00,0.00,0.00,0,dejavu
370,1563879300,0,8993,0.00,0.00,13312,3076,0.15,0.00,0.00,0.00,0,dejavu
371,1563879301,0,8993,0.00,0.00,13312,3076,0.15,0.00,0.00,0.00,0,dejavu
372,1563879302,0,8993,0.00,0.00,13312,3076,0.15,0.00,0.00,0.00,0,dejavu
373,1563879303,0,8993,0.00,0.00,13312,3076,0.15,0.00,0.00,0.00,0,dejavu
374,1563879304,0,8993,0.00,0.00,13312,3076,0.15,0.00,0.00,0.00,0,dejavu
375,1563879305,0,8993,0.00,0.00,13312,3076,0.15,0.00,0.00,0.00,0,dejavu
376,1563879306,0,8993,0.00,0.00,13312,3076,0.15,0.00,0.00,0.00,0,dejavu
377,1563879307,0,8993,0.00,0.00,13312,3076,0.15,0.00,0.00,0.00,0,dejavu
378,1563879308,0,8993,0.00,0.00,13312,3076,0.15,0.00,0.00,0.00,0,dejavu
379,1563879309,0,8993,0.00,0.00,13312,3076,0.15,0.00,0.00,0.00,0,dejavu
380,1563879310,0,8993,0.00,0.00,13312,3076,0.15,0.00,0.00,0.00,0,dejavu
381,1563879311,0,8993,0.00,0.00,13312,3076,0.15,0.00,0.00,0.00,0,dejavu
382,1563879312,0,8993,0.00,0.00,13312,3076,0.15,0.00,0.00,0.00,0,dejavu
383,1563879313,0,8993,0.00,0.00,13312,3076,0.15,0.00,0.00,0.00,0,dejavu
384,1563879314,0,8993,0.00,0.00,13312,3076,0.15,0.00,0.00,0.00,0,dejavu
385,1563879315,0,8993,0.00,0.00,13312,3076,0.15,0.00,0.00,0.00,0,dejavu
386,1563879316,0,8993,0.00,0.00,13312,3076,0.15,0.00,0.00,0.00,0,dejavu
387,1563879317,0,8993,0.00,0.00,13312,3076,0.15,0.00,0.00,0.00,0,dejavu
388,1563879318,0,8993,0.00,0.00,13312,3076,0.15,0.00,0.00,0.00,0,dejavu
389,1563879319,0,8993,0.00,0.00,13312,3076,0.15,0.00,0.00,0.00,0,dejavu
390,1563879320,0,8993,0.00,0.00,13312,3076,0.15,0.00,0.00,0.00,0,dejavu
391,1563879321,0,8993,0.00,0.00,13312,3076,0.15,0.00,0.00,0.00,0,dejavu
392,1563879322,0,8993,0.00,0.00,13312,3076,0.15,0.00,0.00,0.00,0,dejavu
393,1563879323,0,8993,0.00,0.00,13312,3076,0.15,0.00,0.00,0.00,0,dejavu
394,1563879324,0,8993,0.00,0.00,13312,3076,0.15,0.00,0.00,0.00,0,dejavu
395,1563879325,0,8993,0.00,0.00,13312,3076,0.15,0.00,0.00,0.00,0,dejavu
396,1563879326,0,8993,0.00,0.00,13312,3076,0.15,0.00,0.00,0.00,0,dejavu
397,1563879327,0,8993,0.00,0.00,13312,3076,0.15,0.00,0.00,0.00,0,dejavu
398,1563879328,0,8993,0.00,0.00,13312,3076,0.15,0.00,0.00,0.00,0,dejavu
399,1563879329,0,8993,0.00,0.00,13312,3076,0.15,0.00,0.00,0.00,0,dejavu
400,1563879330,0,8993,0.00,0.00,13312,3076,0.15,0.00,0.00,0.00,0,dejavu
401,1563879331,0,8993,0.00,0.00,13312,3076,0.15,0.00,0.00,0.00,0,dejavu
402,1563879332,0,8993,0.00,0.00,13312,3076,0.15,0.00,0.00,0.00,0,dejavu
403,1563879333,0,8993,0.00,0.00,13312,3076,0.15,0.00,0.00,0.00,0,dejavu
404,1563879334,0,8993,0.00,0.00,13312,3076,0.15,0.00,0.00,0.00,0,dejavu
405,1563879335,0,8993,0.00,0.00,13312,3076,0.15,0.00,0.00,0.00,0,dejavu
406,1563879336,0,8993,0.00,0.00,13312,3076,0.15,0.00,0.00,0.00,0,dejavu
407,1563879337,0,8993,0.00,0.00,13312,3076,0.15,0.00,0.00,0.00,0,dejavu
408,1563879338,0,8993,0.00,0.00,13312,3076,0.15,0.00,0.00,0.00,0,dejavu
409,1563879339,0,8993,0.00,0.00,13312,3076,0.15,0.00,0.00,0.00,0,dejavu
410,1563879340,0,8993,0.00,0.00,13312,3076,0.15,0.00,0.00,0.00,0,dejavu
411,1563879341,0,8993,0.00,0.00,13312,3076,0.15,0.00,0.00,0.00,0,dejavu
412,1563879342,0,8993,0.00,0.00,13312,3076,0.15,0.00,0.00,0.00,0,dejavu
413,1563879343,0,8993,0.00,0.00,13312,3076,0.15,0.00,0.00,0.00,0,dejavu
414,1563879344,0,8993,0.00,0.00,13312,3076,0.15,0.00,0.00,0.00,0,dejavu
415,1563879345,0,8993,0.00,0.00,13312,3076,0.15,0.00,0.00,0.00,0,dejavu
416,1563879346,0,8993,0.00,0.00,13312,3076,0.15,0.00,0.00,0.00,0,dejavu
417,1563879347,0,8993,0.00,0.00,13312,3076,0.15,0.00,0.00,0.00,0,dejavu
418,1563879348,0,8993,0.00,0.00,13312,3076,0.15,0.00,0.00,0.00,0,dejavu
419,1563879349,0,8993,0.00,0.00,13312,3076,0.15,0.00,0.00,0.00,0,dejavu
420,1563879350,0,8993,0.00,0.00,13312,3076,0.15,0.00,0.00,0.00,0,dejavu
421,1563879351,0,8993,0.00,0.00,13312,3076,0.15,0.00,0.00,0.00,0,dejavu
422,1563879352,0,8993,0.00,0.00,13312,3076,0.15,0.00,0.00,0.00,0,dejavu
423,1563879353,0,8993,0.00,0.00,13312,3076,0.15,0.00,0.00,0.00,0,dejavu
424,1563879354,0,8993,0.00,0.00,13312,3076,0.15,0.00,0.00,0.00,0,dejavu
425,1563879355,0,8993,0.00,0.00,13312,3076,0.15,0.00,0.00,0.00,0,dejavu
426,1563879356,0,8993,0.00,0.00,13312,3076,0.15,0.00,0.00,0.00,0,dejavu
427,1563879357,0,8993,0.00,0.00,13312,3076,0.15,0.00,0.00,0.00,0,dejavu
428,1563879358,0,8993,0.00,0.00,13312,3076,0.15,0.00,0.00,0.00,0,dejavu
429,1563879359,0,8993,0.00,0.00,13312,3076,0.15,0.00,0.00,0.00,0,dejavu
430,1563879360,0,8993,0.00,0.00,13312,3076,0.15,0.00,0.00,0.00,0,dejavu
431,1563879361,0,8993,0.00,0.00,13312,3076,0.15,0.00,0.00,0.00,0,dejavu
432,1563879362,0,8993,0.00,0.00,13312,3076,0.15,0.00,0.00,0.00,0,dejavu
433,1563879363,0,8993,0.00,0.00,13312,3076,0.15,0.00,0.00,0.00,0,dejavu
434,1563879364,0,8993,0.00,0.00,13312,3076,0.15,0.00,0.00,0.00,0,dejavu
435,1563879365,0,8993,0.00,0.00,13312,3076,0.15,0.00,0.00,0.00,0,dejavu
436,1563879366,0,8993,0.00,0.00,13312,3076,0.15,0.00,0.00,0.00,0,dejavu
437,1563879367,0,8993,0.00,0.00,13312,3076,0.15,0.00,0.00,0.00,0,dejavu
438,1563879368,0,8993,0.00,0.00,13312,3076,0.15,0.00,0.00,0.00,0,dejavu
439,1563879369,0,8993,0.00,0.00,13312,3076,0.15,0.00,0.00,0.00,0,dejavu
440,1563879370,0,8993,0.00,0.00,13312,3076,0.15,0.00,0.00,0.00,0,dejavu
441,1563879371,0,8993,0.00,0.00,13312,3076,0.15,0.00,0.00,0.00,0,dejavu
442,1563879372,0,8993,0.00,0.00,13312,3076,0.15,0.00,0.00,0.00,0,dejavu
443,1563879373,0,8993,0.00,0.00,13312,3076,0.15,0.00,0.00,0.00,0,dejavu
444,1563879374,0,8993,0.00,0.00,13312,3076,0.15,0.00,0.00,0.00,0,dejavu
445,1563879375,0,8993,0.00,0.00,13312,3076,0.15,0.00,0.00,0.00,0,dejavu
446,1563879376,0,8993,0.00,0.00,13312,3076,0.15,0.00,0.00,0.00,0,dejavu
447,1563879377,0,8993,0.00,0.00,13312,3076,0.15,0.00,0.00,0.00,0,dejavu
448,1563879378,0,8993,0.00,0.00,13312,3076,0.15,0.00,0.00,0.00,0,dejavu
449,1563879379,0,8993,0.00,0.00,13312,3076,0.15,0.00,0.00,0.00,0,dejavu
450,1563879380,0,8993,0.00,0.00,13312,3076,0.15,0.00,0.00,0.00,0,dejavu
451,1563879381,0,8993,0.00,0.00,13312,3076,0.15,0.00,0.00,0.00,0,dejavu
452,1563879382,0,8993,0.00,0.00,13312,3076,0.15,0.00,0.00,0.00,0,dejavu
453,1563879383,0,8993,0.00,0.00,13312,3076,0.15,0.00,0.00,0.00,0,dejavu
454,1563879384,0,8993,0.00,0.00,13312,3076,0.15,0.00,0.00,0.00,0,dejavu
455,1563879385,0,8993,0.00,0.00,13312,3076,0.15,0.00,0.00,0.00,0,dejavu
456,1563879386,0,8993,0.00,0.00,13312,3076,0.15,0.00,0.00,0.00,0,dejavu
457,1563879387,0,8993,0.00,0.00,13312,3076,0.15,0.00,0.00,0.00,0,dejavu
458,1563879388,0,8993,0.00,0.00,13312,3076,0.15,0.00,0.00,0.00,0,dejavu
459,1563879389,0,8993,0.00,0.00,13312,3076,0.15,0.00,0.00,0.00,0,dejavu
460,1563879390,0,8993,0.00,0.00,13312,3076,0.15,0.00,0.00,0.00,0,dejavu
461,1563879391,0,8993,0.00,0.00,13312,3076,0.15,0.00,0.00,0.00,0,dejavu
462,1563879392,0,8993,0.00,0.00,13312,3076,0.15,0.00,0.00,0.00,0,dejavu
463,1563879393,0,8993,0.00,0.00,13312,3076,0.15,0.00,0.00,0.00,0,dejavu
464,1563879394,0,8993,0.00,0.00,13312,3076,0.15,0.00,0.00,0.00,0,dejavu
465,1563879395,0,8993,0.00,0.00,13312,3076,0.15,0.00,0.00,0.00,0,dejavu
466,1563879396,0,8993,0.00,0.00,13312,3076,0.15,0.00,0.00,0.00,0,dejavu
467,1563879397,0,8993,0.00,0.00,13312,3076,0.15,0.00,0.00,0.00,0,dejavu
468,1563879398,0,8993,0.00,0.00,13312,3076,0.15,0.00,0.00,0.00,0,dejavu
469,1563879399,0,8993,0.00,0.00,13312,3076,0.15,0.00,0.00,0.00,0,dejavu
470,1563879400,0,8993,0.00,0.00,13312,3076,0.15,0.00,0.00,0.00,0,dejavu
471,1563879401,0,8993,0.00,0.00,13312,3076,0.15,0.00,0.00,0.00,0,dejavu
472,1563879402,0,8993,0.00,0.00,13312,3076,0.15,0.00,0.00,0.00,0,dejavu
473,1563879403,0,8993,0.00,0.00,13312,3076,0.15,0.00,0.00,0.00,0,dejavu
474,1563879404,0,8993,0.00,0.00,13312,3076,0.15,0.00,0.00,0.00,0,dejavu
475,1563879405,0,8993,0.00,0.00,13312,3076,0.15,0.00,0.00,0.00,0,dejavu
476,1563879406,0,8993,0.00,0.00,13312,3076,0.15,0.00,0.00,0.00,0,dejavu
477,1563879407,0,8993,0.00,0.00,13312,3076,0.15,0.00,0.00,0.00,0,dejavu
478,1563879408,0,8993,0.00,0.00,13312,3076,0.15,0.00,0.00,0.00,0,dejavu
479,1563879409,0,8993,0.00,0.00,13312,3076,0.15,0.00,0.00,0.00,0,dejavu
480,1563879410,0,8993,0.00,0.00,13312,3076,0.15,0.00,0.00,0.00,0,dejavu
481,1563879411,0,8993,0.00,0.00,13312,3076,0.15,0.00,0.00,0.00,0,dejavu
482,1563879412,0,8993,0.00,0.00,13312,3076,0.15,0.00,0.00,0.00,0,dejavu
483,1563879413,0,8993,0.00,0.00,13312,3076,0.15,0.00,0.00,0.00,0,dejavu
484,1563879414,0,8993,0.00,0.00,13312,3076,0.15,0.00,0.00,0.00,0,dejavu
485,1563879415,0,8993,0.00,0.00,13312,3076,0.15,0.00,0.00,0.00,0,dejavu
486,1563879416,0,8993,0.00,0.00,13312,3076,0.15,0.00,0.00,0.00,0,dejavu
487,1563879417,0,8993,0.00,0.00,13312,3076,0.15,0.00,0.00,0.00,0,dejavu
488,1563879418,0,8993,0.00,0.00,13312,3076,0.15,0.00,0.00,0.00,0,dejavu
489,1563879419,0,8993,0.00,0.00,13312,3076,0.15,0.00,0.00,0.00,0,dejavu
490,1563879420,0,8993,0.00,0.00,13312,3076,0.15,0.00,0.00,0.00,0,dejavu
491,1563879421,0,8993,0.00,0.00,13312,3076,0.15,0.00,0.00,0.00,0,dejavu
492,1563879422,0,8993,0.00,0.00,13312,3076,0.15,0.00,0.00,0.00,0,dejavu
493,1563879423,0,8993,0.00,0.00,13312,3076,0.15,0.00,0.00,0.00,0,dejavu
494,1563879424,0,8993,0.00,0.00,13312,3076,0.15,0.00,0.00,0.00,0,dejavu
495,1563879425,0,8993,0.00,0.00,13312,3076,0.15,0.00,0.00,0.00,0,dejavu
496,1563879426,0,8993,0.00,0.00,13312,3076,0.15,0.00,0.00,0.00,0,dejavu
497,1563879427,0,8993,0.00,0.00,13312,3076,0.15,0.00,0.00,0.00,0,dejavu
498,1563879428,0,8993,0.00,0.00,13312,3076,0.15,0.00,0.00,0.00,0,dejavu
499,1563879429,0,8993,0.00,0.00,13312,3076,0.15,0.00,0.00,0.00,0,dejavu
500,1563879430,0,8993,0.00,0.00,13312,3076,0.15,0.00,0.00,0.00,0,dejavu
501,1563879431,0,8993,0.00,0.00,13312,3076,0.15,0.00,0.00,0.00,0,dejavu
502,1563879432,0,8993,0.00,0.00,13312,3076,0.15,0.00,0.00,0.00,0,dejavu
503,1563879433,0,8993,0.00,0.00,13312,3076,0.15,0.00,0.00,0.00,0,dejavu
504,1563879434,0,8993,0.00,0.00,13312,3076,0.15,0.00,0.00,0.00,0,dejavu
505,1563879435,0,8993,0.00,0.00,13312,3076,0.15,0.00,0.00,0.00,0,dejavu
506,1563879436,0,8993,0.00,0.00,13312,3076,0.15,0.00,0.00,0.00,0,dejavu
507,1563879437,0,8993,0.00,0.00,13312,3076,0.15,0.00,0.00,0.00,0,dejavu
508,1563879438,0,8993,0.00,0.00,13312,3076,0.15,0.00,0.00,0.00,0,dejavu
509,1563879439,0,8993,0.00,0.00,13312,3076,0.15,0.00,0.00,0.00,0,dejavu
510,1563879440,0,8993,0.00,0.00,13312,3076,0.15,0.00,0.00,0.00,0,dejavu
511,1563879441,0,8993,0.00,0.00,13312,3076,0.15,0.00,0.00,0.00,0,dejavu
512,1563879442,0,8993,0.00,0.00,13312,3076,0.15,0.00,0.00,0.00,0,dejavu
513,1563879443,0,8993,0.00,0.00,13312,3076,0.15,0.00,0.00,0.00,0,dejavu
514,1563879444,0,8993,0.00,0.00,13312,3076,0.15,0.00,0.00,0.00,0,dejavu
